Number,Gender,NameSet,Title,GivenName,MiddleInitial,Surname,StreetAddress,City,State,StateFull,ZipCode,Country,CountryFull,EmailAddress,Username,Password,BrowserUserAgent,TelephoneNumber,TelephoneCountryCode,MothersMaiden,Birthday,TropicalZodiac,CCType,CCNumber,CVV2,CCExpires,NationalID,UPS,WesternUnionMTCN,MoneyGramMTCN,Color,Occupation,Company,Vehicle,Domain,BloodType,Pounds,Kilograms,FeetInches,Centimeters,GUID,Latitude,Longitude
1,male,American,Mr.,Cameron,E,Gaytan,"2440 Hott Street","Oklahoma City",OK,Oklahoma,73109,US,"United States",CameronEGaytan@cuvox.de,Duccies,daim4ooChah,"Mozilla/5.0 (Windows NT 6.3; WOW64) AppleWebKit/537.36 (KHTML, like Gecko) Chrome/45.0.2454.101 Safari/537.36",405-634-4079,1,James,12/9/1977,Sagittarius,MasterCard,5557288607927164,871,3/2018,444-78-7835,"1Z 048 387 72 8112 711 2",8471281300,34310279,Red,"Remote sensing specialist","Parts and Pieces","1997 Chevrolet Beretta",InnovationLocator.com,B+,220.0,100.0,"5' 11""",181,11cfa03e-7380-4aaf-b9e0-7e4b6b4e6afc,35.454841,-97.574771
2,male,American,Mr.,Roger,M,Roach,"207 Olive Street",Toledo,OH,Ohio,43614,US,"United States",RogerMRoach@rhyta.com,Kined1984,ik4ceeJe,"Mozilla/5.0 (compatible; MSIE 9.0; Windows NT 6.0; Trident/5.0; Trident/5.0)",419-385-8765,1,Bennett,1/2/1984,Capricorn,Visa,4556878705831286,712,2/2019,268-10-4914,"1Z 014 716 05 6095 068 7",6524390866,44912333,Blue,"ATF agent","Second Time Around","2011 Audi Q5",TechnologyRooms.com,A-,182.8,83.1,"5' 11""",181,343375cd-5e7c-46a6-bb6b-1ce4fc284d8a,41.598196,-83.583499
3,female,American,Mrs.,Sonya,R,Santana,"878 Beech Street","San Francisco",CA,California,94107,US,"United States",SonyaRSantana@fleckens.hu,Apee1951,ohthoo7Pa,"Mozilla/5.0 (Macintosh; Intel Mac OS X 10_10_3) AppleWebKit/600.6.3 (KHTML, like Gecko) Version/8.0.6 Safari/600.6.3",925-856-9519,1,Elkins,11/11/1951,Scorpio,Visa,4532005377861420,298,4/2020,548-29-2733,"1Z 395 313 65 8277 027 4",7906352281,71976503,Purple,"Gate agent","Walt's IGA","1999 Acura EL",BuyBurners.com,B+,217.8,99.0,"5' 0""",153,d2330476-384e-4741-98b5-7606a290a48f,37.812295,-122.398599
4,female,American,Mrs.,Wilhelmina,R,Favors,"1289 Rogers Street",Monroe,OH,Ohio,45050,US,"United States",WilhelminaRFavors@superrito.com,Hadyinst,dah4EiWei,"Mozilla/5.0 (Macintosh; Intel Mac OS X 10.10; rv:40.0) Gecko/20100101 Firefox/40.0",513-539-3965,1,McCane,10/4/1952,Libra,Visa,4556920265557446,144,2/2020,272-60-3752,"1Z 065 60A 45 7640 572 3",6196391400,06916259,Purple,"Elementary school teacher","Bay Furniture","1993 Mercedes-Benz C",ReligionSeeker.com,A+,123.2,56.0,"5' 8""",172,173755de-5900-4b54-bf67-5e4ce64fafce,39.362512,-84.456961
6,male,American,Mr.,Clifton,A,Alleman,"2409 Commerce Boulevard","La Vista",NE,Nebraska,68128,US,"United States",CliftonAAlleman@rhyta.com,Wilecte1978,Eihoo6fahp9,"Mozilla/5.0 (Macintosh; Intel Mac OS X 10_10_5) AppleWebKit/537.36 (KHTML, like Gecko) Chrome/45.0.2454.85 Safari/537.36",402-597-1705,1,McConnell,4/25/1978,Taurus,Visa,4716898350009605,061,11/2018,505-35-0045,"1Z 73A 093 13 6030 728 2",9650802873,32159466,Blue,Polisher,"Price Club","1995 Chevrolet Corsica",SeatingBlog.com,B+,182.8,83.1,"6' 1""",185,53db3241-aa31-4be8-97d9-4992a5911b60,41.275991,-95.991252
7,male,American,Mr.,David,A,Kirk,"1165 Gorby Lane",Ridgeland,MS,Mississippi,39157,US,"United States",DavidAKirk@fleckens.hu,Alask1987,ootiesahMi3,"Mozilla/5.0 (iPad; CPU OS 8_4_1 like Mac OS X) AppleWebKit/600.1.4 (KHTML, like Gecko) Version/8.0 Mobile/12H321 Safari/600.1.4",601-334-0470,1,Rosas,10/21/1987,Libra,Visa,4929281249021409,237,4/2016,587-85-2182,"1Z V37 V47 21 6582 460 4",8609871394,68087644,Blue,"Job development specialist","Strategy Planner","2005 Chevrolet Avalanche",DefineDrugs.com,O+,184.8,84.0,"6' 1""",186,2fbdc94d-0169-4b89-b1a0-44da58dfeb0f,32.354019,-90.136925
8,female,American,Mrs.,Isabella,H,Costner,"551 Winding Way",Pawtucket,RI,"Rhode Island",02860,US,"United States",IsabellaHCostner@jourrapide.com,Theye1993,gieM1diu,"Mozilla/5.0 (Macintosh; Intel Mac OS X 10_10_5) AppleWebKit/600.8.9 (KHTML, like Gecko) Version/8.0.8 Safari/600.8.9",401-726-7558,1,Ricco,1/17/1993,Capricorn,MasterCard,5112346939489168,091,2/2018,036-09-6873,"1Z 001 305 53 6723 182 6",7362507455,65340698,Blue,"Legal secretary","Gamma Grays","2006 Renault Vel Satis",RecycledCup.com,B+,143.2,65.1,"5' 5""",164,fdbf493d-6582-41ac-9f3c-202fde4ae45f,41.90999,-71.371242
9,male,American,Mr.,David,C,Lopez,"1018 Jennifer Lane",Garner,NC,"North Carolina",27603,US,"United States",DavidCLopez@dayrep.com,Meng1995,Kai2aingoofah,"Mozilla/5.0 (Windows NT 6.1; WOW64; rv:38.0) Gecko/20100101 Firefox/38.0",919-457-5001,1,Zoller,2/18/1995,Aquarius,Visa,4485418244386793,947,7/2019,684-01-4865,"1Z 3A9 9V9 11 4060 248 1",8957621911,11928595,Black,"Production assistant","Kessel Food Market","2004 Volkswagen Touareg",BuyBurners.com,A+,172.5,78.4,"5' 10""",179,531da4f9-2d57-4570-84ed-68f275b41ae2,35.564569,-78.635576
10,female,American,Ms.,Pamela,M,Johns,"3636 Limer Street",Norcross,GA,Georgia,30092,US,"United States",PamelaMJohns@fleckens.hu,Andised,Quailei9Ph,"Mozilla/5.0 (Windows NT 6.1; WOW64) AppleWebKit/537.36 (KHTML, like Gecko) Chrome/45.0.2454.101 Safari/537.36",706-409-3695,1,Lancaster,12/9/1981,Sagittarius,Visa,4916773915983610,514,2/2019,258-09-4277,"1Z 667 373 79 1797 281 7",0421858434,98756996,Black,"Mail machine operator","Star Merchant Services","2012 Mini Cooper Countryman",UKBash.com,B+,153.3,69.7,"5' 8""",173,fb24a479-9339-4ba0-9fe1-f06f2671bc52,33.977502,-84.236396
11,male,American,Mr.,Joseph,Y,Sample,"3383 Khale Street",Charleston,SC,"South Carolina",29405,US,"United States",JosephYSample@fleckens.hu,Littly1957,Uwaithoc2P,"Mozilla/5.0 (Windows NT 6.1; WOW64) AppleWebKit/537.36 (KHTML, like Gecko) Chrome/45.0.2454.85 Safari/537.36",843-554-9243,1,Barnes,7/23/1957,Leo,Visa,4485975868716142,839,3/2018,656-09-5456,"1Z 483 6V4 56 6592 225 5",6804971452,19375419,Blue,"Compensation, benefits, and job analysis specialist","Mr. Clark's Appliances","2003 Peugeot 406",MarvelousLinks.com,A+,214.5,97.5,"6' 2""",187,423d95b9-bbde-4599-a174-90b2effcf0dc,32.836404,-79.976447
12,female,American,Ms.,Marjorie,J,Logue,"1313 Kincheloe Road",Tigard,OR,Oregon,97223,US,"United States",MarjorieJLogue@gustr.com,Actiumad1943,ieCh4Yae2x,"Mozilla/5.0 (Macintosh; Intel Mac OS X 10_10_5) AppleWebKit/537.36 (KHTML, like Gecko) Chrome/44.0.2403.157 Safari/537.36",503-535-1427,1,Murray,8/8/1943,Leo,Visa,4532930999459669,554,1/2019,541-68-1713,"1Z Y86 582 79 5448 878 8",0239535472,93229054,Brown,"Administrative services manager","Trak Auto","2014 Cadillac CTS-V Wagon",StressBuilder.com,O-,112.6,51.2,"4' 11""",151,e72af93b-b04e-41c1-8278-f14803797ef9,45.50928,-122.681821
13,male,American,Dr.,Richard,D,Gorman,"4829 Berry Street","Colorado Springs",CO,Colorado,80903,US,"United States",RichardDGorman@superrito.com,Hendes,shiu7Eay,"Mozilla/5.0 (Macintosh; Intel Mac OS X 10.9; rv:40.0) Gecko/20100101 Firefox/40.0",719-578-1493,1,Mertz,5/13/1966,Taurus,MasterCard,5126700801752851,545,10/2020,653-10-7947,"1Z V09 E19 93 8649 526 6",0748659027,59766713,Blue,"Tower controller","Sun Foods","2000 Nissan Laurel",HDAffair.com,B+,149.8,68.1,"6' 0""",184,30d0fca0-8ba4-4542-9300-82559133ec20,38.792357,-104.728104
14,male,American,Mr.,Duane,P,McCray,"1894 Wakefield Street",Phila,PA,Pennsylvania,19103,US,"United States",DuanePMcCray@einrot.com,Thickinvid,Oid3aingao2o,"Mozilla/5.0 (Macintosh; Intel Mac OS X 10_10_5) AppleWebKit/537.36 (KHTML, like Gecko) Chrome/45.0.2454.101 Safari/537.36",215-416-1575,1,Butler,6/23/1943,Cancer,Visa,4716094411609845,594,5/2016,196-30-3357,"1Z 21W 698 74 4687 028 3",4368390613,16827190,Green,"Agricultural manager",Sportswest,"2005 Audi A6",ReservationReview.com,O+,136.6,62.1,"5' 11""",181,1ea807ea-1d32-43b4-a757-ab8e9ead5472,39.944243,-75.168694
15,female,American,Ms.,Sook,W,Stone,"368 Nuzum Court",Buffalo,NY,"New York",14202,US,"United States",SookWStone@fleckens.hu,Regray45,Bu2eiroosae,"Mozilla/5.0 (Macintosh; Intel Mac OS X 10_10_5) AppleWebKit/537.36 (KHTML, like Gecko) Chrome/45.0.2454.85 Safari/537.36",716-531-4749,1,Flood,8/5/1945,Leo,MasterCard,5254344048857209,157,11/2020,061-64-6163,"1Z 8W7 3W3 79 3128 589 6",5739704142,95113169,Purple,"Merchandise window trimmer",Strawberries,"1995 Ferrari 412 T2",WirelessImprov.com,A+,125.8,57.2,"5' 1""",155,a52041bb-7119-4a60-985a-673d1d1dcb0d,42.883163,-78.861553
16,male,American,Mr.,Stephen,H,Lee,"2687 Brown Avenue",Greenville,SC,"South Carolina",29601,US,"United States",StephenHLee@fleckens.hu,Abotnument,lu3ush8Wooy,"Mozilla/5.0 (Windows NT 6.1; WOW64; rv:40.0) Gecko/20100101 Firefox/40.0",864-905-0369,1,Graves,4/2/1930,Aries,Visa,4916113136373970,130,8/2020,249-91-7604,"1Z 47W 2Y3 86 4828 831 8",4345070817,91310551,Blue,"Line erector",Brendle's,"2001 Toyota Avalon",DVDBrain.com,O+,207.0,94.1,"5' 10""",177,d7d975cb-71b7-432d-86f0-77114e373a09,34.822619,-82.493108
17,male,American,Mr.,Nicholas,E,Smallwood,"3116 Rinehart Road",Miami,FL,Florida,33169,US,"United States",NicholasESmallwood@gustr.com,Tervind,giuHi1eev8x,"Mozilla/5.0 (Windows NT 6.1; WOW64) AppleWebKit/537.36 (KHTML, like Gecko) Chrome/45.0.2454.101 Safari/537.36",786-368-7919,1,Marroquin,7/27/1957,Leo,Visa,4539390224568276,046,7/2020,767-48-0005,"1Z 225 W64 78 5663 995 1",7072018873,78594831,Blue,"Human services manager",Sambo's,"2003 Ford Excursion",CreditCardChronicles.com,A-,169.4,77.0,"5' 9""",175,56356e34-e874-464f-97dd-31bd6e48f4d4,25.881603,-80.286666
18,male,American,Mr.,Ian,D,Zak,"2076 Williams Avenue",Bakersfield,CA,California,93307,US,"United States",IanDZak@cuvox.de,Bessalp,yoa5Ahk8see,"Mozilla/5.0 (Windows NT 10.0; WOW64) AppleWebKit/537.36 (KHTML, like Gecko) Chrome/45.0.2454.99 Safari/537.36",661-289-1893,1,Delisle,7/1/1978,Cancer,MasterCard,5383112785346387,372,2/2018,626-90-0785,"1Z 510 073 58 8179 875 4",8824252248,00093369,Silver,"Meeting manager","Mission You","2011 Ford Edge",RightWingLunacy.com,B+,227.3,103.3,"6' 2""",188,6edbac44-6ba3-4d43-be6e-4257eae51a1c,35.121738,-118.93248
19,female,American,Mrs.,Cathleen,L,Satterfield,"3455 Charmaine Lane",Dalhart,TX,Texas,79022,US,"United States",CathleenLSatterfield@rhyta.com,Arely1967,Thagoh8ei,"Mozilla/5.0 (Windows NT 6.3; WOW64) AppleWebKit/537.36 (KHTML, like Gecko) Chrome/45.0.2454.101 Safari/537.36",806-533-4367,1,Vasquez,8/17/1967,Leo,MasterCard,5352578956693756,884,8/2016,458-45-9313,"1Z W27 800 04 0101 101 2",7169136600,42265003,Purple,"Drywall installer","Infinite Wealth Planners","2008 Toyota Stallion",ReservationReview.com,O+,206.1,93.7,"5' 3""",161,4d6f40e8-3527-41fa-8054-1106ebf285f7,36.051795,-102.645244
20,male,American,Mr.,Ryan,A,Washington,"4006 Hall Street","Las Vegas",NV,Nevada,89101,US,"United States",RyanAWashington@gustr.com,Kath1984,Sub2bae7,"Mozilla/5.0 (Macintosh; Intel Mac OS X 10.10; rv:41.0) Gecko/20100101 Firefox/41.0",702-548-3826,1,Hogan,2/1/1984,Aquarius,Visa,4539188246756857,658,9/2016,530-19-8191,"1Z 39E 034 67 6654 981 5",3769946787,40471066,Green,"General clerk","Life's Gold","1996 Vector M12",PubAddiction.com,A+,223.3,101.5,"5' 10""",178,f0c4260a-2ac2-4674-8319-a995ced29c9d,36.155433,-115.22154
21,male,American,Mr.,Robert,J,Osborne,"3677 Simons Hollow Road",Plains,PA,Pennsylvania,18705,US,"United States",RobertJOsborne@armyspy.com,Stoomaked,eeTh5roh,"Mozilla/5.0 (Windows NT 6.1; WOW64) AppleWebKit/537.36 (KHTML, like Gecko) Chrome/45.0.2454.99 Safari/537.36",570-802-5683,1,Acevedo,5/7/1930,Taurus,Visa,4532704741528075,698,6/2016,176-44-1935,"1Z 5F0 A43 71 1170 292 6",6573151568,69850368,Red,"Construction manager","Frank's Nursery & Crafts","2011 Volkswagen Polo",ProfessionalChannels.com,O+,186.3,84.7,"6' 0""",183,7087246c-d1b9-4d40-806e-2a42fa56b954,41.321622,-75.806
22,male,American,Mr.,Joe,C,Casey,"1972 Sycamore Road",Blodgett,OR,Oregon,97326,US,"United States",JoeCCasey@jourrapide.com,Voymber,emahchi6Ge,"Mozilla/5.0 (Macintosh; Intel Mac OS X 10_10_5) AppleWebKit/600.8.9 (KHTML, like Gecko) Version/8.0.8 Safari/600.8.9",541-453-2823,1,Sharp,10/28/1956,Scorpio,Visa,4532372564099820,854,3/2016,542-24-4995,"1Z V84 616 06 3717 091 1",9475655490,67776395,Blue,"Workforce development officer","Plan Smart Partner","2008 Chevrolet TrailBlazer",CounterfeitDVD.com,O+,190.7,86.7,"5' 6""",167,09393830-3e7e-4954-a9d4-1e6f723dd57c,44.579718,-123.708907
23,male,American,Mr.,Matthew,B,Baker,"2943 Flinderation Road",Bellwood,IL,Illinois,60104,US,"United States",MatthewBBaker@teleworm.us,Thentood,Fahk0phoo,"Mozilla/5.0 (Windows NT 6.1; WOW64) AppleWebKit/537.36 (KHTML, like Gecko) Chrome/44.0.2403.155 Safari/537.36",708-345-0168,1,Brown,1/6/1958,Capricorn,Visa,4916129016256481,662,4/2018,338-36-7251,"1Z 705 744 68 3067 922 1",9966892390,12595010,Green,"Sports official","Compact Disc Center","1995 Hyundai Pony",BlogRetreat.com,B+,228.4,103.8,"5' 8""",172,e5405110-29f6-4321-8f97-c57d913b97d5,41.809411,-87.808767
24,female,American,Ms.,Shirley,D,Pereira,"3273 Illinois Avenue",Portland,OR,Oregon,97214,US,"United States",ShirleyDPereira@einrot.com,Butim1956,Olai7eeye,"Mozilla/5.0 (Windows NT 6.1; WOW64) AppleWebKit/537.36 (KHTML, like Gecko) Chrome/45.0.2454.101 Safari/537.36",503-736-8254,1,Campos,4/29/1956,Taurus,Visa,4485874066005459,125,5/2016,540-41-2351,"1Z 098 F36 39 9966 830 9",4246442532,57042602,Red,"Livestock farmer","Harold Powell","2004 Volkswagen Sharan",DiscFrames.com,A+,173.1,78.7,"5' 4""",163,8919cfda-761a-406a-9e37-4ecf2713cf51,45.485077,-122.741982
25,female,American,Ms.,Iris,R,Utley,"4276 Goldie Lane",Mason,OH,Ohio,45040,US,"United States",IrisRUtley@einrot.com,Birsted,pui1ooThah,"Mozilla/5.0 (Macintosh; Intel Mac OS X 10_10_3) AppleWebKit/600.6.3 (KHTML, like Gecko) Version/8.0.6 Safari/600.6.3",513-459-4332,1,Bothwell,4/5/1937,Aries,MasterCard,5264920486024127,891,7/2018,298-46-8982,"1Z E68 173 31 1229 659 6",8426518538,75059802,Blue,"Police dispatcher","Geri's Hamburgers","2010 Saturn Outlook",WorkContests.com,A+,159.1,72.3,"5' 4""",162,70f137ec-93eb-4075-8d33-d4a8beddee42,39.274617,-84.2833
26,female,American,Mrs.,Ida,D,Wright,"3269 Golden Street",Miami,FL,Florida,33142,US,"United States",IdaDWright@rhyta.com,Hispeciam,feengoj6oG,"Mozilla/5.0 (Windows NT 6.3; WOW64) AppleWebKit/537.36 (KHTML, like Gecko) Chrome/45.0.2454.101 Safari/537.36",305-634-2229,1,Reed,10/18/1982,Libra,MasterCard,5502094712065635,854,1/2016,594-22-1420,"1Z 7Y1 407 07 0060 239 2",3647799813,37884766,Blue,Captain,McDade's,"1995 Fiat Barchetta",MealSpecialties.com,A+,140.4,63.8,"5' 5""",164,7055eaab-bf56-45e7-935e-35b3287ac847,25.882819,-80.308703
27,female,American,Ms.,Christina,R,Thao,"1810 Griffin Street",Phoenix,AZ,Arizona,85017,US,"United States",ChristinaRThao@cuvox.de,Arearomad,oiqu7IPon,"Mozilla/5.0 (Macintosh; Intel Mac OS X 10_10_4) AppleWebKit/600.7.12 (KHTML, like Gecko) Version/8.0.7 Safari/600.7.12",602-249-6910,1,Shelton,12/6/1982,Sagittarius,Visa,4539216114221207,618,1/2019,765-48-8176,"1Z 592 058 15 4336 907 4",5797258019,74895349,Yellow,"Apartment house manager","Reliable Garden Management","2004 Mahindra Scorpio",CommerceShows.com,O+,194.9,88.6,"5' 6""",167,23d2c7d4-9748-440a-9990-b95e79c59c83,33.485193,-112.094159
28,male,American,Mr.,Joe,M,Taylor,"1193 Boring Lane","San Francisco",CA,California,94143,US,"United States",JoeMTaylor@einrot.com,Olank1938,maeH6ohchei,"Mozilla/5.0 (Macintosh; Intel Mac OS X 10.10; rv:40.0) Gecko/20100101 Firefox/40.0",415-618-1040,1,Hernandez,3/5/1938,Pisces,Visa,4485488490682153,971,4/2018,560-20-0174,"1Z 1E4 F70 73 4694 994 1",3836440499,74372917,Blue,"Media planner",Grossman's,"2001 Jaguar XJ8",SECMeeting.com,O+,214.1,97.3,"5' 10""",179,c0a2f8ce-0494-4b90-932e-b41df48ed0c9,37.859513,-122.434456
29,male,American,Mr.,Christopher,C,Stamm,"2625 Center Street",Eugene,OR,Oregon,97401,US,"United States",ChristopherCStamm@teleworm.us,Rety1975,EeP1Aeve0,"Mozilla/5.0 (X11; Ubuntu; Linux x86_64; rv:41.0) Gecko/20100101 Firefox/41.0",541-915-2824,1,McCreary,1/15/1975,Capricorn,MasterCard,5503831705046034,130,4/2017,541-44-9194,"1Z 399 967 65 7856 243 4",3452186905,89621039,Blue,"Management development specialist","Red Owl","2011 Ford Taurus",NinjaSlippers.com,AB+,186.3,84.7,"6' 0""",184,467ad2e2-f0e7-4f19-8a8d-b8f3fcacc881,44.021559,-123.061016
30,male,American,Mr.,Oscar,P,Helgeson,"1056 Junkins Avenue",Valdosta,GA,Georgia,31601,US,"United States",OscarPHelgeson@dayrep.com,Suchaked,quie8Gai,"Mozilla/5.0 (Windows NT 6.1; WOW64) AppleWebKit/537.36 (KHTML, like Gecko) Chrome/45.0.2454.101 Safari/537.36",229-429-7004,1,Lee,5/15/1953,Taurus,Visa,4532515031220573,766,3/2019,670-30-1473,"1Z 72W 8E9 82 5686 382 0",3365509887,35467883,Blue,"Leasing manager","Honest Air Group","2010 Maserati Quattroporte",PartySpecialty.com,A+,189.4,86.1,"5' 8""",173,a8f81790-540d-4dd6-a9f4-3ab1429bdda0,30.739093,-83.262364
32,female,American,Dr.,Michelle,S,McNutt,"4081 Goldleaf Lane",Newark,NJ,"New Jersey",07102,US,"United States",MichelleSMcNutt@gustr.com,Theong,eiriek4eiLae,"Mozilla/5.0 (Windows NT 6.1; WOW64) AppleWebKit/537.36 (KHTML, like Gecko) Chrome/45.0.2454.99 Safari/537.36",201-581-5990,1,Carlton,4/3/1976,Aries,MasterCard,5523011211023043,030,1/2019,153-12-9659,"1Z 537 E30 91 9389 536 5",9786984729,51340628,Blue,"Elevator mechanic","Knockout Kickboxing","2002 Volkswagen Phaeton",EpisodeShowcase.com,A+,175.8,79.9,"5' 1""",154,dce96768-86ef-49be-bd37-c3392b5d000f,40.825235,-74.185198
33,female,American,Mrs.,Marie,K,Trautman,"1098 Joanne Lane",Woburn,MA,Massachusetts,01801,US,"United States",MarieKTrautman@gustr.com,Cappost,PhoTh2Vae,"Mozilla/5.0 (Macintosh; Intel Mac OS X 10_11_0) AppleWebKit/537.36 (KHTML, like Gecko) Chrome/45.0.2454.101 Safari/537.36",978-473-0470,1,Watson,4/19/1978,Aries,MasterCard,5580361454033336,879,12/2016,016-42-6833,"1Z 817 2A7 62 7512 054 6",1790193100,45224880,Blue,"Textile knitting and weaving machine setter",Sistemos,"2010 Chevrolet Cobalt",ProfessionalChannels.com,A+,155.5,70.7,"5' 2""",158,3206f66d-6210-45fc-9f00-9d1677e14ec5,42.477993,-71.256367
34,female,American,Mrs.,Ruth,E,Garcia,"3898 Pooz Street",Lyndhurst,NJ,"New Jersey",07071,US,"United States",RuthEGarcia@teleworm.us,Foodursh,Shahxae7i,"Mozilla/5.0 (Windows NT 6.1; WOW64; rv:40.0) Gecko/20100101 Firefox/40.0",732-228-6046,1,Wright,4/17/1986,Aries,MasterCard,5348355081697961,608,7/2016,149-90-4886,"1Z 97A 679 83 7923 270 9",8155121793,49797528,Purple,"Subway operator","Omni Tech","2010 Hyundai Santa Fe",RecycledCup.com,A+,168.3,76.5,"5' 1""",154,c27e2051-d0b0-43d0-9834-62f26a8d70d4,40.766835,-74.174054
35,female,American,Ms.,Mary,C,Cochran,"3664 Parkway Street","Los Angeles",CA,California,90017,US,"United States",MaryCCochran@rhyta.com,Gabout,kah6Tooque,"Mozilla/5.0 (Macintosh; Intel Mac OS X 10_10_5) AppleWebKit/600.8.9 (KHTML, like Gecko) Version/8.0.8 Safari/600.8.9",760-302-7026,1,Garett,8/6/1975,Leo,Visa,4556348006849866,073,9/2018,560-09-4792,"1Z 3F5 664 36 2998 113 5",6019309130,36168944,Blue,"Bindery worker","Woolf Brothers","2001 Maserati 3200 GT",SeatingBlog.com,O+,123.9,56.3,"5' 5""",164,e951283d-9275-481a-9e69-f4b2755139a9,34.015813,-118.308094
36,male,American,Mr.,Steven,A,Gonzalez,"2116 Travis Street","Vero Beach",FL,Florida,32960,US,"United States",StevenAGonzalez@cuvox.de,Whart1953,pa2Ru6suku,"Mozilla/5.0 (Windows NT 6.1; WOW64) AppleWebKit/537.36 (KHTML, like Gecko) Chrome/45.0.2454.85 Safari/537.36",772-529-7752,1,Robertson,9/3/1953,Virgo,MasterCard,5540064193776376,146,2/2020,595-62-6945,"1Z E76 869 21 5025 773 6",7703767218,07996200,Blue,Usher,"White Tower Hamburgers","2004 Lincoln Town Car",NotebookPublisher.com,A+,198.4,90.2,"5' 8""",173,9c362a67-39d3-4794-a287-7dd942d406a0,27.626514,-80.485672
37,male,American,Mr.,Emmett,C,Allen,"4310 Coal Street",Coudersport,PA,Pennsylvania,16915,US,"United States",EmmettCAllen@teleworm.us,Bire1941,dohhoS5ph,"Mozilla/5.0 (Windows NT 6.1; WOW64) AppleWebKit/537.36 (KHTML, like Gecko) Chrome/45.0.2454.101 Safari/537.36",814-274-8260,1,Withers,11/12/1941,Scorpio,Visa,4556348351207322,082,5/2017,200-16-5590,"1Z 002 045 26 1264 480 4",8228757553,30650481,Green,"Nephrology nurse","Huffman and Boyle","2008 Jeep Commander",EmploymentRep.com,O+,201.3,91.5,"5' 7""",169,56688198-e7bf-401a-9f9f-7cf4d5aab0da,41.773976,-77.924384
38,female,American,Mrs.,Dawn,C,Clifton,"1688 Heavner Court",Hicksville,NY,"New York",11612,US,"United States",DawnCClifton@rhyta.com,Crivair,saz8shod9No,"Mozilla/5.0 (Macintosh; Intel Mac OS X 10_10_5) AppleWebKit/600.8.9 (KHTML, like Gecko) Version/8.0.8 Safari/600.8.9",516-208-1461,1,Ocampo,4/30/1973,Taurus,Visa,4532401238783988,876,10/2017,070-52-8166,"1Z 1E1 862 19 8360 249 7",0863341791,07249493,Green,"Social work policy maker","Office Warehouse","1995 Mitsubishi Gaus",StreamingFood.com,A+,207.7,94.4,"5' 1""",154,9b724b3e-712a-450c-97d0-f9a1bc503ce1,40.866728,-73.59333
39,male,American,Mr.,William,J,Warnock,"4334 Cemetery Street",Watsonville,CA,California,95076,US,"United States",WilliamJWarnock@jourrapide.com,Witteorsell,IeJoici2,"Mozilla/5.0 (Windows NT 6.1; WOW64) AppleWebKit/537.36 (KHTML, like Gecko) Chrome/45.0.2454.99 Safari/537.36",831-722-2560,1,Smith,6/4/1960,Gemini,Visa,4532411496416544,403,6/2020,568-55-5078,"1Z 987 660 01 6234 389 3",4230156266,50970351,Green,"City planner","Team Electronics","2008 Mazda CX-7",SeatingBlog.com,O+,152.0,69.1,"5' 10""",177,5c412b78-c322-41ca-99f4-8423768f3d41,36.888199,-121.786654
40,male,American,Mr.,Romeo,M,Wingate,"1525 Watson Lane","San Antonio",TX,Texas,78205,US,"United States",RomeoMWingate@rhyta.com,Olaxby,Ox5ieGeeb3,"Mozilla/5.0 (Macintosh; Intel Mac OS X 10_11_1) AppleWebKit/601.2.4 (KHTML, like Gecko) Version/9.0.1 Safari/601.2.4",830-241-9981,1,Noyes,6/27/1993,Cancer,MasterCard,5373169866755045,961,1/2017,644-14-7920,"1Z 078 227 96 9169 544 4",4162182984,58067417,Green,"Geodetic surveyor","Lionel Playworld","1994 Saab 900",InstantUnion.com,O+,213.8,97.2,"6' 0""",182,2d64bf7b-f1ed-4fc4-b8ee-c1eac71ef385,29.422043,-98.477061
41,male,American,Mr.,Sidney,M,Murrell,"4069 Kelly Drive",Martinsburg,WV,"West Virginia",25401,US,"United States",SidneyMMurrell@einrot.com,Witiceir,ChoM8up4quoh,"Mozilla/5.0 (Windows NT 10.0; WOW64; rv:40.0) Gecko/20100101 Firefox/40.0",304-839-5137,1,Comer,8/28/1966,Virgo,MasterCard,5514457850610122,524,6/2019,232-42-1523,"1Z 513 40Y 86 7227 846 4",4982202081,00958511,Blue,"Marine electronics technician",Luria's,"2005 Saab 9-7X",WirelessImprov.com,B+,161.0,73.2,"5' 6""",167,39efbeb6-a95d-4d43-95aa-b025be435194,39.496959,-77.924213
42,female,American,Mrs.,Janet,R,Hayter,"4844 Gateway Avenue",Bakersfield,CA,California,93306,US,"United States",JanetRHayter@gustr.com,Hatints,Vei7Jaejoh,"Mozilla/5.0 (Windows NT 6.1) AppleWebKit/537.36 (KHTML, like Gecko) Chrome/45.0.2454.101 Safari/537.36",661-873-6733,1,Morrison,9/20/1977,Virgo,Visa,4929469211352577,850,5/2018,611-42-9806,"1Z 27A 684 13 5628 728 9",2087194835,89623568,Blue,"Career counselor","Bonanza Produce Stores","1995 Subaru Legacy",FundraisingTactics.com,O+,178.6,81.2,"5' 9""",174,e18edca6-407d-46bd-8245-1a17ed621bb2,35.508435,-118.763234
43,female,American,Mrs.,Susie,J,Allen,"4472 Dye Street",Phoenix,AZ,Arizona,85003,US,"United States",SusieJAllen@superrito.com,Esethe,eeTaeSh1Nei,"Mozilla/5.0 (Macintosh; Intel Mac OS X 10.10; rv:40.0) Gecko/20100101 Firefox/40.0",480-747-6386,1,Swain,5/3/1980,Taurus,MasterCard,5166051770469353,109,10/2019,526-47-1825,"1Z 996 0W7 60 3149 300 2",5098346471,65848855,Purple,"Signal and track switch repairer","Magik Lamp","2006 Nissan Micra",ScottsdaleJets.com,B+,184.4,83.8,"5' 5""",164,7ce2c974-143a-478d-b45f-d13d8d3963e6,33.44667,-112.162585
44,male,American,Mr.,Paul,C,Craft,"3682 Hannah Street",Asheville,NC,"North Carolina",28801,US,"United States",PaulCCraft@dayrep.com,Thrintessets,aeBei9eem1ae,"Mozilla/5.0 (Macintosh; Intel Mac OS X 10_10_5) AppleWebKit/600.8.9 (KHTML, like Gecko) Version/8.0.8 Safari/600.8.9",828-317-1221,1,Hicks,4/8/1979,Aries,MasterCard,5108947877136178,344,11/2016,690-05-4859,"1Z Y28 93W 31 8558 082 3",9048710516,07695648,Red,"Lift truck operator","Alladin's Lamp","2002 Citroen C2",TotallyWiped.com,O+,211.2,96.0,"6' 0""",184,f317609b-6add-4b5a-9dfa-e44279a4f490,35.572644,-82.564846
45,female,American,Ms.,Darlene,A,Church,"2501 Zappia Drive",Lexington,KY,Kentucky,40507,US,"United States",DarleneAChurch@rhyta.com,Winciaten52,sefaiSh0,"Mozilla/5.0 (Macintosh; Intel Mac OS X 10_10_2) AppleWebKit/537.36 (KHTML, like Gecko) Chrome/45.0.2454.101 Safari/537.36",859-396-5824,1,Hong,9/4/1952,Virgo,Visa,4539817168505872,375,2/2016,405-98-9783,"1Z 506 V78 06 6948 344 4",3830710607,29701570,Blue,"Plumbing inspector","Mostow Co.","2011 Peugeot RCZ",MajorOrder.com,O+,220.7,100.3,"5' 5""",164,220bc006-ef67-4bd8-98fc-1ebafbed77f2,38.126086,-84.40456
46,male,American,Mr.,Wilbur,A,Hall,"248 Stuart Street",Pittsburgh,PA,Pennsylvania,15205,US,"United States",WilburAHall@teleworm.us,Bected,Oz0Shieng,"Mozilla/5.0 (Windows NT 6.3; WOW64; rv:41.0) Gecko/20100101 Firefox/41.0",724-460-8169,1,Johnson,7/20/1981,Cancer,Visa,4539037526102532,883,10/2016,193-74-0408,"1Z 187 021 36 2588 036 0",5851087649,22108447,Green,"Vegetable cook",Fireball,"2005 Renault Zoom",ReporterCareer.com,O+,178.6,81.2,"6' 1""",185,b2a7a3eb-b80b-498a-bde6-cdbb43744109,40.343015,-80.022225
47,male,American,Mr.,Millard,K,Whitney,"4689 Oakway Lane","Los Angeles",CA,California,90013,US,"United States",MillardKWhitney@armyspy.com,Armand,xoobau3Ke,"Mozilla/5.0 (Windows NT 6.1; WOW64) AppleWebKit/537.36 (KHTML, like Gecko) Chrome/45.0.2454.99 Safari/537.36",818-281-7877,1,Milton,8/21/1936,Leo,MasterCard,5314444077683563,103,5/2016,605-32-4502,"1Z V39 929 17 1190 397 1",0913225128,68622528,Silver,"Field technician","Just For Fun","2000 Suzuki Samurai",GlobalHomicide.com,AB-,165.2,75.1,"5' 11""",180,60bad01e-37c1-44fe-a6d5-2e972fe02b23,34.059417,-118.158566
48,female,American,Ms.,Mary,R,Russell,"957 Howard Street","Grand Rapids",MI,Michigan,49503,US,"United States",MaryRRussell@armyspy.com,Scigigive,seJeiZ0Ei,"Mozilla/5.0 (Macintosh; Intel Mac OS X 10_11_0) AppleWebKit/537.36 (KHTML, like Gecko) Chrome/45.0.2454.101 Safari/537.36",616-518-3128,1,Sayre,9/21/1948,Virgo,Visa,4485840447572053,472,2/2018,379-56-6242,"1Z F09 449 54 3086 333 5",9188553192,69740817,Blue,"Conference interpreter","Action Auto","2015 Ford Edge",JuniorAgent.com,A-,146.7,66.7,"5' 0""",152,ef666af7-871e-4c39-aa0e-03667f2445df,42.884221,-85.701848
49,female,American,Ms.,Mary,W,Smith,"2059 Sampson Street",Denver,CO,Colorado,80202,US,"United States",MaryWSmith@fleckens.hu,Coundel,veLiegh3p,"Mozilla/5.0 (Windows NT 6.1; WOW64; rv:41.0) Gecko/20100101 Firefox/41.0",303-557-7666,1,Hargrove,11/2/1965,Scorpio,MasterCard,5230614221714412,336,10/2019,653-32-8051,"1Z 76V 152 32 3257 657 6",1488394043,88162890,Blue,"Registered respiratory therapist","Matrix Architectural Service","1996 Holden Nova",HottestLawyers.com,AB+,224.2,101.9,"5' 1""",156,7fae42fb-2757-407d-9882-4427f6cdabf5,39.763584,-105.00281
50,female,American,Mrs.,Judith,J,Goforth,"4312 Bruce Street","Saint Louis",MO,Missouri,63146,US,"United States",JudithJGoforth@einrot.com,Occe1968,eiw0cheiS,"Mozilla/5.0 (Windows NT 6.1; WOW64) AppleWebKit/537.36 (KHTML, like Gecko) Chrome/45.0.2454.85 Safari/537.36",314-359-2014,1,Davis,11/18/1968,Scorpio,MasterCard,5455372837390964,038,4/2018,489-32-4232,"1Z 624 27E 81 7394 003 1",9202057146,64687651,Green,"Radar controller","Mode O'Day","2009 Kia Cerato",WantedTones.com,O+,193.8,88.1,"5' 7""",169,046546c6-5e6b-4fe5-8bbf-739afed976b5,38.693439,-90.429008
51,female,American,Mrs.,Pam,J,Singleton,"3129 Frosty Lane","Big Flats",NY,"New York",14814,US,"United States",PamJSingleton@cuvox.de,Muspetwon,ueraeK0thie,"Mozilla/5.0 (Macintosh; Intel Mac OS X 10_10_5) AppleWebKit/537.36 (KHTML, like Gecko) Chrome/45.0.2454.85 Safari/537.36",607-562-4177,1,Williams,1/30/1936,Aquarius,Visa,4485720849505036,557,7/2019,119-36-5805,"1Z 638 A18 74 4151 675 6",8930816752,72636219,Blue,"International human resources manager",Netobill,"2002 Volkswagen 1 Litre",MobileBorders.com,A+,108.2,49.2,"5' 6""",167,95c36751-fa08-4790-ac99-ca50c2e7653b,42.100502,-76.884796
52,female,American,Ms.,Pamela,L,Tiller,"414 Cityview Drive",Allentown,PA,Pennsylvania,18101,US,"United States",PamelaLTiller@armyspy.com,Balle1946,ii4eegaL,"Mozilla/5.0 (Windows NT 10.0; WOW64; rv:40.0) Gecko/20100101 Firefox/40.0",610-437-3968,1,Alex,7/30/1946,Leo,Visa,4916511033840589,896,12/2018,173-48-4930,"1Z 407 4F2 17 4150 284 9",3392981477,29064435,Blue,"School psychologist","Rainbow Life","1995 Audi A8",DangJokes.com,A+,217.8,99.0,"5' 3""",161,7a6a4882-9e74-439c-9607-98927a76e484,40.607072,-75.393935
53,female,American,Ms.,Grace,R,John,"1100 Clifford Street","Union City",CA,California,94587,US,"United States",GraceRJohn@dayrep.com,Eact1941,So6relirue,"Mozilla/5.0 (Windows NT 10.0; WOW64) AppleWebKit/537.36 (KHTML, like Gecko) Chrome/45.0.2454.101 Safari/537.36",510-675-9017,1,Otten,3/27/1941,Aries,Visa,4556934260828975,717,3/2017,561-05-4233,"1Z 1Y4 629 57 1074 265 8",6248692800,44244437,Red,"Cutting and slicing machine operator","Sure Save","1997 Daihatsu Feroza",MaleWeight.com,A+,147.0,66.8,"5' 3""",160,d6a105e2-1e8d-4ba1-b530-4611e597e7ad,37.601243,-122.10259
54,male,American,Dr.,Alton,S,Padilla,"4256 Badger Pond Lane","Feather Sound",FL,Florida,34622,US,"United States",AltonSPadilla@gustr.com,Robjession,eeB4Urugh,"Mozilla/5.0 (Windows NT 6.1; WOW64) AppleWebKit/537.36 (KHTML, like Gecko) Chrome/45.0.2454.93 Safari/537.36",727-299-2913,1,Bongiorno,10/4/1987,Libra,Visa,4539516533272776,533,11/2017,594-11-1010,"1Z 693 W29 20 9626 297 7",4813099415,26728957,Blue,"Assistant property manager","Franklin Music","2010 Kia Soul",PrayMaster.com,B-,148.5,67.5,"5' 7""",171,6deaa57d-be2d-4872-982e-fa8aa3d35ecd,27.849011,-82.751095
55,male,American,Mr.,Donald,A,Boyd,"3504 Bailey Drive","Iowa City",IA,Iowa,52240,US,"United States",DonaldABoyd@gustr.com,Hany1942,iedie6ti5Ae,"Mozilla/5.0 (Macintosh; Intel Mac OS X 10_10_5) AppleWebKit/537.36 (KHTML, like Gecko) Chrome/45.0.2454.99 Safari/537.36",319-466-7328,1,Richardson,6/21/1942,Cancer,MasterCard,5552721732733714,017,4/2018,484-64-0298,"1Z 5F0 141 26 8936 870 3",5721725341,46671969,Blue,"Bus mechanic","Crafts Canada","1999 Chrysler 300",FloridaStadium.com,B+,200.4,91.1,"5' 5""",165,23f8dc40-3387-4c63-aa1d-6c1fb7f3500e,41.544483,-91.495278
56,female,American,Mrs.,Trinity,J,Schwartz,"1550 Hummingbird Way",Topeka,KS,Kansas,66606,US,"United States",TrinityJSchwartz@dayrep.com,Thadectives,auQuaishe7X,"Mozilla/5.0 (Windows NT 6.1; WOW64) AppleWebKit/537.36 (KHTML, like Gecko) Chrome/45.0.2454.85 Safari/537.36",785-221-4491,1,Williams,10/24/1941,Scorpio,MasterCard,5124357258329592,141,7/2018,512-09-6740,"1Z 4W8 664 81 2506 711 1",7752276379,18001904,Purple,"Purchasing technician","Buehler Foods","2012 Audi A7",MaternityRetail.com,A+,165.7,75.3,"5' 7""",170,45d508af-e1ea-4b7d-b569-b48085101cbb,38.994707,-95.725732
57,female,American,Mrs.,Rose,T,Dillon,"2142 Bryan Street","Winston Salem",NC,"North Carolina",27101,US,"United States",RoseTDillon@einrot.com,Therceng,Quahsh1Qu,"Mozilla/5.0 (Windows NT 6.1; WOW64; rv:40.0) Gecko/20100101 Firefox/40.0",336-251-4073,1,Sawyer,1/14/1970,Capricorn,MasterCard,5529409780277160,877,9/2016,685-01-0265,"1Z 769 93Y 52 8948 986 6",7591257807,05606308,Purple,"Safe repairer","Asiatic Solutions","2012 Mercedes-Benz Vito",NotebookPublisher.com,O+,189.2,86.0,"5' 4""",162,1ace66ba-2bd9-47cf-ab4c-b019e7c43524,36.164684,-80.154189
58,male,American,Mr.,Christian,G,Power,"323 Roosevelt Road","Dodge City",KS,Kansas,67801,US,"United States",ChristianGPower@einrot.com,Pictura,ried1Aey,"Mozilla/5.0 (Windows NT 6.1; WOW64; rv:40.0) Gecko/20100101 Firefox/40.0",620-280-3160,1,Miller,10/27/1964,Scorpio,MasterCard,5483727213150785,806,11/2016,511-46-3251,"1Z 774 801 56 7319 608 7",5956672928,26149290,Blue,"Physical therapist","Bennett Brothers","2007 Peugeot 1007",PrankSearch.com,O+,161.0,73.2,"5' 8""",172,e8b66632-2a9b-406f-8a30-21e8c5236942,37.797838,-100.005475
59,male,American,Mr.,Evan,S,Rascoe,"74 George Street",Ocala,FL,Florida,34471,US,"United States",EvanSRascoe@einrot.com,Theyeop,ooGhahxequ3,"Mozilla/5.0 (Macintosh; Intel Mac OS X 10_11_1) AppleWebKit/601.2.4 (KHTML, like Gecko) Version/9.0.1 Safari/601.2.4",352-446-4144,1,Guerra,2/12/1976,Aquarius,MasterCard,5315566595085597,808,6/2020,592-34-0327,"1Z 6F3 151 79 5675 241 1",9116706470,81755974,Black,Sheriff,"John F. Lawhon","2005 Porsche Cayenne",StLouisSuburbs.com,B+,150.5,68.4,"6' 2""",188,f6565e90-01c1-47b4-a534-1c3e16e8eb84,29.16661,-82.177243
61,male,American,Mr.,Theodore,R,George,"751 Reel Avenue",Albuquerque,NM,"New Mexico",87111,US,"United States",TheodoreRGeorge@jourrapide.com,Beecomen76,rahyahYue5Ho,"Mozilla/5.0 (Macintosh; Intel Mac OS X 10_10_5) AppleWebKit/600.8.9 (KHTML, like Gecko) Version/8.0.8 Safari/600.8.9",505-401-6578,1,Snow,12/22/1976,Capricorn,Visa,4532485831751385,122,4/2017,648-20-5154,"1Z 287 04A 91 7748 575 2",6721004410,98107063,Green,"Securities, commodities, and financial services sales agent","Success Is Yours","2009 Mercedes-Benz C",MessageUpdates.com,O+,146.3,66.5,"6' 1""",185,09d647eb-fd71-47f9-801d-597668d3a35f,35.194666,-106.397331
62,male,American,Mr.,Vincent,G,Walker,"4220 Cook Hill Road",Cheshire,CT,Connecticut,06410,US,"United States",VincentGWalker@armyspy.com,Diustent,Seex2aik,"Mozilla/5.0 (Macintosh; Intel Mac OS X 10_9_5) AppleWebKit/537.36 (KHTML, like Gecko) Chrome/45.0.2454.99 Safari/537.36",203-460-2625,1,Simmons,7/12/1978,Cancer,Visa,4929296451024297,145,11/2017,047-56-7723,"1Z 590 054 35 3599 540 0",9698568461,93455340,Blue,"Mail superintendent","Steve's Ice Cream","2005 Ferrari 612",TempFirms.com,O+,153.6,69.8,"5' 9""",174,2b22851b-2161-405b-99c5-62be8b28a9da,41.564545,-72.884591
63,male,American,Mr.,Wayne,J,Arteaga,"3346 Virgil Street",Pensacola,FL,Florida,32501,US,"United States",WayneJArteaga@superrito.com,Thends,mayiuJ7phah,"Mozilla/5.0 (Windows NT 6.1; WOW64; rv:40.0) Gecko/20100101 Firefox/40.0",850-293-1375,1,Vandermark,9/18/1975,Virgo,Visa,4556756610283233,712,9/2018,769-38-1421,"1Z 31F F24 31 1228 389 1",6127380658,46833881,Blue,Photojournalist,"Corinthian Designs","1993 Toyota Bandeirante",DumpJokes.com,B+,146.7,66.7,"6' 2""",188,cf57d334-a740-4a26-bf3b-8e08b80a493a,30.496819,-87.25897
64,female,American,Ms.,Brittany,C,Kindred,"3312 Lynn Ogden Lane","Santa Fe",TX,Texas,77510,US,"United States",BrittanyCKindred@fleckens.hu,Turatillad,ohteSh5ch,"Mozilla/5.0 (X11; Linux x86_64) AppleWebKit/537.36 (KHTML, like Gecko) Chrome/45.0.2454.101 Safari/537.36",409-927-4653,1,Stephens,2/7/1980,Aquarius,MasterCard,5227496587556172,721,4/2016,452-70-9413,"1Z 062 380 93 4196 588 1",3240460702,66226797,Blue,"Vending machine technician","DGS HomeSource","2005 Toyota Sienna",DumpJokes.com,A+,187.4,85.2,"5' 7""",170,633d5fb9-7334-4f82-981a-bfa746637188,29.329406,-95.05157
65,female,American,Mrs.,Mildred,G,Gum,"1550 Tori Lane",Draper,UT,Utah,84020,US,"United States",MildredGGum@teleworm.us,Ofat1938,eiLohz3oh,"Mozilla/5.0 (Windows NT 6.3; WOW64) AppleWebKit/537.36 (KHTML, like Gecko) Chrome/45.0.2454.85 Safari/537.36",801-576-1775,1,Lane,2/4/1938,Aquarius,MasterCard,5377001438213235,257,12/2019,646-22-4795,"1Z 615 W79 87 9214 387 5",4196606716,49865704,Orange,"Instructional coordinator","Kiddie City","2003 Suzuki Swift",JuniorAgent.com,A+,123.2,56.0,"5' 0""",153,33ca036d-615b-4c7e-9316-39fcab75ba53,40.574891,-111.787492
66,male,American,Mr.,Nicholas,K,Parks,"4122 Shearwood Forest Drive",Portsmouth,NH,"New Hampshire",03801,US,"United States",NicholasKParks@superrito.com,Subal1956,cievoPh6,"Mozilla/5.0 (Macintosh; Intel Mac OS X 10_11) AppleWebKit/601.1.56 (KHTML, like Gecko) Version/9.0 Safari/601.1.56",603-250-7099,1,Cooper,1/11/1956,Capricorn,Visa,4916172396980437,962,1/2017,002-78-6624,"1Z 800 E23 12 0631 342 4",9737446508,35010882,Blue,"Registered nurse","Netstars Matrix Design","2009 Dodge Viper",HottestLawyers.com,B+,174.0,79.1,"5' 9""",174,a5c9583d-f5f0-4362-b720-3a11122e1aa6,43.072772,-70.837097
68,male,American,Mr.,Omar,D,Abadie,"4304 Hinkle Lake Road",Boston,MA,Massachusetts,02109,US,"United States",OmarDAbadie@fleckens.hu,Felonfuld,kiequ5EWie,"Mozilla/5.0 (Windows NT 6.1; WOW64; Trident/7.0; rv:11.0) like Gecko",617-521-0259,1,Houston,3/27/1962,Aries,MasterCard,5354636660776073,962,3/2016,033-58-3130,"1Z W46 6F8 53 3026 329 6",2928663697,18770186,Blue,"Optical instrument assembler","Superior Interior Design","2002 Honda CR-V",HottestLawyers.com,O+,185.2,84.2,"5' 6""",167,0a0539ab-0d98-4459-bc4f-0c08e9e6ebb5,42.307623,-71.071167
69,male,American,Mr.,Charles,C,Smith,"790 Eagle Drive",Southfield,MI,Michigan,48075,US,"United States",CharlesCSmith@dayrep.com,Whity1964,ieGhoux3Kei8,"Mozilla/5.0 (Macintosh; Intel Mac OS X 10_10_3) AppleWebKit/600.5.17 (KHTML, like Gecko) Version/8.0.5 Safari/600.5.17",734-738-0629,1,Krebs,4/3/1964,Aries,Visa,4556722179264105,211,5/2017,371-48-0962,"1Z 458 14W 73 4098 608 5",1133645330,40446174,Blue,"Qualified members of the engine department","Electric Avenue","1994 Nissan Primera",TacoSale.com,A+,165.7,75.3,"6' 2""",187,2fa5dba5-52c5-43dd-8343-76524cd67e80,42.417383,-83.212242
70,female,American,Ms.,Casey,R,Davenport,"2582 West Side Avenue",Branchburg,NJ,"New Jersey",08817,US,"United States",CaseyRDavenport@jourrapide.com,Dires1933,quu4zaiZaeng,"Mozilla/5.0 (Windows NT 6.1; WOW64; rv:41.0) Gecko/20100101 Firefox/41.0",201-213-0595,1,Springer,10/14/1933,Libra,Visa,4539323582467849,630,8/2016,141-24-3800,"1Z 599 356 39 5493 556 8",8313428713,08929676,Brown,"Food technologist","Egghead Software","1997 Fiat Vivace",MaternityRetail.com,O+,113.3,51.5,"4' 11""",150,93f00c08-5ad5-49de-a11c-dd468957093a,40.476442,-74.74799
71,female,American,Ms.,Rebecca,T,Keating,"3198 Settlers Lane","New York",NY,"New York",10016,US,"United States",RebeccaTKeating@einrot.com,Herfeempable,aingaN4kei,"Mozilla/5.0 (Macintosh; Intel Mac OS X 10_10_4) AppleWebKit/537.36 (KHTML, like Gecko) Chrome/45.0.2454.85 Safari/537.36",917-802-5179,1,Palmer,9/5/1980,Virgo,Visa,4716978448500177,744,7/2016,130-84-9415,"1Z V90 051 16 5295 379 6",0514101870,02778438,Blue,Accountant,"Linens 'n Things","2007 Bentley Continental GT",GlobalHomicide.com,B+,134.9,61.3,"5' 4""",163,8e112b3b-8ac0-40d5-ad5c-8f7626c2ed34,40.665758,-73.894988
72,male,American,Mr.,Ernest,J,Hall,"3658 Tori Lane",Midvale,UT,Utah,84047,US,"United States",ErnestJHall@jourrapide.com,Hured1957,Eis9owoi,"Mozilla/5.0 (Windows NT 6.1; WOW64) AppleWebKit/537.36 (KHTML, like Gecko) Chrome/45.0.2454.101 Safari/537.36",801-568-7364,1,Theisen,8/23/1957,Virgo,MasterCard,5161931481338606,783,5/2016,647-50-3018,"1Z 557 1V5 56 1539 380 7",7548419493,26322665,Blue,"In home service professional","Henry's Hamburgers","2007 Cadillac STS-V",GreetingCDs.com,B+,243.8,110.8,"5' 10""",177,20f92b3a-c541-4c9d-83d4-a8270a731763,40.638291,-111.916812
73,female,American,Ms.,Linda,B,Dorn,"345 Reeves Street","Egg Harbor",WI,Wisconsin,54209,US,"United States",LindaBDorn@cuvox.de,Thisposs,PheiC5chai6,"Mozilla/5.0 (Windows NT 6.1; WOW64; rv:40.0) Gecko/20100101 Firefox/40.0",920-868-5560,1,Johnson,2/2/1930,Aquarius,Visa,4929278638314817,822,6/2017,388-78-4077,"1Z 787 986 95 5485 348 6",4890039246,89532959,Blue,"Courtesy van driver","Tape World","2005 Pagani Zonda",PrayMaster.com,O-,183.5,83.4,"5' 4""",162,bae42633-93cb-446b-97f9-e02f6b331bc1,44.967741,-87.309435
74,female,American,Mrs.,Pamela,H,Harris,"455 Fidler Drive","San Antonio",TX,Texas,78229,US,"United States",PamelaHHarris@cuvox.de,Poliose,wei7Eiqu,"Mozilla/5.0 (Macintosh; Intel Mac OS X 10_10_5) AppleWebKit/600.8.9 (KHTML, like Gecko) Version/8.0.8 Safari/600.8.9",210-593-1193,1,Wang,7/30/1993,Leo,MasterCard,5218041096487955,758,8/2019,636-16-7895,"1Z 919 228 49 4429 876 3",7427387144,98399813,Purple,"Postal Service worker","Handy Andy","2011 GMC Envoy",CriminalResearcher.com,O+,134.0,60.9,"5' 3""",160,1fa13368-d560-4d34-bf33-21d3fa986582,29.467212,-98.477224
75,male,American,Mr.,Joshua,V,Sato,"4195 Godfrey Road","New York",NY,"New York",10040,US,"United States",JoshuaVSato@gustr.com,Whopuld,uuWie0Isee,"Mozilla/5.0 (Macintosh; Intel Mac OS X 10_10_4) AppleWebKit/600.7.12 (KHTML, like Gecko) Version/8.0.7 Safari/600.7.12",212-544-7106,1,Blackmon,10/28/1984,Scorpio,MasterCard,5304651078697002,801,8/2020,059-40-3414,"1Z 888 414 43 2578 776 9",6169335595,06355536,Black,Geropsychologist,"Scotty's Builders Supply","2006 Volkswagen Jetta",TotallyWiped.com,O+,143.2,65.1,"6' 0""",182,2639a87f-1acf-4c37-8f69-029494cdf4a0,40.853534,-73.872777
76,female,American,Dr.,Sandra,P,Hawkins,"4336 Summit Street",Davenport,IA,Iowa,52807,US,"United States",SandraPHawkins@gustr.com,Builithe,Kie2iuvu8Le,"Mozilla/5.0 (Windows NT 10.0; WOW64; rv:40.0) Gecko/20100101 Firefox/40.0",563-503-2827,1,Peterson,9/9/1994,Virgo,MasterCard,5294923416136171,242,4/2016,480-27-3443,"1Z 7F0 178 37 1904 385 0",6886708009,15975340,Purple,"Geotechnical engineer","Budget Tapes & Records","1996 Nissan Sunny",ForeclosureSheet.com,O+,133.5,60.7,"5' 7""",169,4248f210-e641-48c7-9e49-4624ca4f96c6,41.640118,-90.461273
77,female,American,Ms.,Mary,C,Cline,"3021 Hardesty Street","West Chazy",NY,"New York",12992,US,"United States",MaryCCline@rhyta.com,Mente1938,Meikai6uch,"Mozilla/5.0 (Windows NT 6.1; WOW64) AppleWebKit/537.36 (KHTML, like Gecko) Chrome/45.0.2454.101 Safari/537.36",518-493-9115,1,Chmielewski,12/24/1938,Capricorn,Visa,4916497406494768,179,4/2018,067-10-0072,"1Z W84 803 85 5380 358 9",5519167031,63136674,Blue,"Hydrographic surveyor","EXPO Design Center","2007 Ferrari F430",PrescriptionSpecialists.com,A+,158.8,72.2,"5' 4""",162,3ac0c094-cdf1-4bff-9716-4ae162706d63,44.758972,-73.424534
78,male,American,Mr.,Nathan,N,Cole,"190 Pyramid Valley Road","Fort Madison",IA,Iowa,52627,US,"United States",NathanNCole@gustr.com,Surprood,xa0Coogah,"Mozilla/5.0 (Windows NT 10.0; WOW64) AppleWebKit/537.36 (KHTML, like Gecko) Chrome/45.0.2454.93 Safari/537.36",319-561-6828,1,Torres,10/6/1960,Libra,MasterCard,5284262587063613,864,9/2019,482-01-5047,"1Z F28 806 70 3464 538 6",5147312358,52525831,Blue,"Automotive glass installer","Irving's Sporting Goods","2008 Daewoo Nubira",WikiSweep.com,B+,144.3,65.6,"5' 11""",180,2bd7b491-df5e-4ab0-81c5-7237397caebf,40.649576,-91.272285
79,male,American,Mr.,Carl,J,Eno,"2929 Randolph Street",Bridgewater,MA,Massachusetts,02324,US,"United States",CarlJEno@superrito.com,Posion,dohaeJ0uib,"Mozilla/5.0 (X11; Ubuntu; Linux x86_64; rv:40.0) Gecko/20100101 Firefox/40.0",508-697-6608,1,Aikens,5/21/1960,Gemini,MasterCard,5292417634918025,432,5/2020,022-82-9717,"1Z 622 952 12 0619 402 7",1090415343,54951286,Blue,"Milling and planing machine tender",VitaGrey,"2008 Nissan Primera",ReligionSeeker.com,O+,159.9,72.7,"6' 2""",187,5246ff63-8426-4596-945c-8fa8a26926a3,42.000713,-70.955544
80,female,American,Ms.,Helen,C,Bussell,"3915 Losh Lane",Pittsburgh,PA,Pennsylvania,15205,US,"United States",HelenCBussell@rhyta.com,Hencers,Sae1mouN9xu,"Mozilla/5.0 (Macintosh; Intel Mac OS X 10_10_5) AppleWebKit/601.1.56 (KHTML, like Gecko) Version/9.0 Safari/601.1.56",412-750-6734,1,Luttrell,9/18/1995,Virgo,Visa,4485745754455877,923,7/2017,191-05-5227,"1Z F24 020 61 4832 679 0",6262740367,48611001,Blue,Singer,"Edge Yard Service","1998 Porsche 935",MaleWeight.com,O+,112.2,51.0,"5' 4""",162,3edbf06f-4630-4bb4-b7ac-4b683a8f785e,40.396138,-80.083819
81,female,American,Mrs.,Oleta,D,Kosinski,"3933 Dovetail Drive","Hickory Hills",IL,Illinois,60457,US,"United States",OletaDKosinski@gustr.com,Desch1994,chae2peaK,"Mozilla/5.0 (Windows NT 6.3; WOW64; rv:40.0) Gecko/20100101 Firefox/40.0",847-341-2540,1,Ritchey,2/27/1994,Pisces,Visa,4485833342675006,287,1/2019,336-70-3226,"1Z 621 5A3 66 9132 609 3",5559328636,22223726,Blue,"Fabric mender","Mr. D's IGA","1995 Plymouth Acclaim",DNAFound.com,B+,195.8,89.0,"5' 4""",162,551438e1-f78f-425a-bfa2-471eec269a56,41.667096,-87.837346
83,male,American,Mr.,Glen,C,Sexton,"2916 Yorkie Lane",Pooler,GA,Georgia,31303,US,"United States",GlenCSexton@jourrapide.com,Woper1994,Eew3Boo2aqu,"Mozilla/5.0 (Windows NT 6.1; WOW64) AppleWebKit/537.36 (KHTML, like Gecko) Chrome/45.0.2454.85 Safari/537.36",912-748-4228,1,Greeley,2/21/1994,Pisces,Visa,4532072115800292,004,2/2016,260-87-5960,"1Z 836 150 54 7470 507 4",9069935604,19583694,Blue,"Occupational health nurse","Formula Gray","2011 Aston Martin DBS",ReservationReview.com,O+,128.9,58.6,"6' 3""",190,444556c5-1134-4a49-a59d-5a87d5fc0169,32.050832,-81.210321
84,male,American,Mr.,James,M,Fisher,"4246 Desert Broom Court","Red Bank",NJ,"New Jersey",07701,US,"United States",JamesMFisher@einrot.com,Theence,eenohdah7uGh,"Mozilla/5.0 (Windows NT 6.3; WOW64) AppleWebKit/537.36 (KHTML, like Gecko) Chrome/45.0.2454.85 Safari/537.36",201-783-8102,1,Farrell,11/6/1939,Scorpio,MasterCard,5582706581589139,413,6/2016,152-34-6974,"1Z 5W2 575 60 2243 970 6",7972111534,37186490,Blue,"Power plant operator","Superior Interactive","2001 Daihatsu Muse",FridgeSearch.com,O+,189.0,85.9,"5' 7""",169,e79e122c-cc8f-4ac1-b80c-cb4094caa85e,40.322777,-74.170086
86,female,American,Mrs.,Daisy,T,Anderson,"559 Dog Hill Lane","Junction City",KS,Kansas,66441,US,"United States",DaisyTAnderson@jourrapide.com,Glings,phoh4Ahbie,"Mozilla/5.0 (Macintosh; Intel Mac OS X 10_10_4) AppleWebKit/600.7.12 (KHTML, like Gecko) Version/8.0.7 Safari/600.7.12",785-762-3881,1,Moore,5/6/1964,Taurus,Visa,4716280839403545,978,1/2017,511-66-9087,"1Z 651 678 31 0104 698 3",7112750429,67406356,Blue,"Amusement machine repairer","Wild Oats Markets","1995 Ford Mondeo",FinancialFreeze.com,AB+,203.1,92.3,"5' 7""",170,bc6e2839-1de7-4146-942d-12cc4b56be76,38.987814,-96.667395
87,male,American,Mr.,Gregory,L,Murphy,"1981 Highland View Drive",Sacramento,CA,California,95814,US,"United States",GregoryLMurphy@gustr.com,Sirstee,oo8ohQu8Ai,"Mozilla/5.0 (Windows NT 6.1; WOW64; Trident/7.0; rv:11.0) like Gecko",916-610-9093,1,Wallner,8/15/1931,Leo,Visa,4532326305479022,897,3/2017,570-94-0768,"1Z 065 139 89 9204 822 1",7756161107,16503314,Blue,"Land acquisition specialist","Del Farm","1992 Marcos Mantula",CashRetailer.com,O+,208.6,94.8,"5' 5""",166,2671d166-a5b8-486c-8ec7-4d18bb2caf4e,38.54323,-121.47292
89,male,American,Mr.,Eddie,C,Pope,"3503 Pine Street",Pittsburgh,PA,Pennsylvania,15212,US,"United States",EddieCPope@teleworm.us,Turk1966,quair7Sie,"Mozilla/5.0 (Windows NT 6.1; WOW64) AppleWebKit/537.36 (KHTML, like Gecko) Chrome/45.0.2454.85 Safari/537.36",724-307-6118,1,Jones,11/20/1966,Scorpio,MasterCard,5313037755507293,729,12/2017,198-14-9199,"1Z 449 29V 51 2143 821 1",7167629660,96725016,Blue,"Horse breeder",Flexus,"2008 Renault Modus",TempFirms.com,A+,187.9,85.4,"5' 7""",170,daf15108-18df-43d7-80f7-edc03b00eb76,40.531854,-79.926205
90,female,American,Ms.,Elisabeth,A,Rhein,"707 Irving Place","O Fallon",MO,Missouri,63366,US,"United States",ElisabethARhein@cuvox.de,Selithelve35,eiNg9aiCh,"Mozilla/5.0 (Macintosh; Intel Mac OS X 10_10_4) AppleWebKit/537.36 (KHTML, like Gecko) Chrome/45.0.2454.85 Safari/537.36",636-233-7620,1,Johnson,4/29/1935,Taurus,MasterCard,5355155793436926,887,1/2020,487-62-1953,"1Z 842 018 47 8751 643 7",7859932649,55169467,Green,"Science technician","Cut Rite","2005 Honda Integra",LandscapingMakeover.com,B+,146.1,66.4,"5' 6""",167,b388fb47-e3c1-4109-967e-ea521d9eac9b,38.917492,-90.670998
91,female,American,Mrs.,Doreen,V,Newsom,"3315 Bridge Street",Wynona,OK,Oklahoma,74084,US,"United States",DoreenVNewsom@einrot.com,Nessery1978,Oongaequ1,"Mozilla/5.0 (Windows NT 6.1; WOW64) AppleWebKit/537.36 (KHTML, like Gecko) Chrome/45.0.2454.85 Safari/537.36",918-846-2115,1,Hess,11/20/1978,Scorpio,Visa,4929560005049047,317,5/2019,442-72-6704,"1Z 224 962 81 4338 286 0",4537614248,44526866,Blue,"Nuclear technician",Pomeroy's,"2009 Kia Optima",MealSpecialties.com,AB+,145.2,66.0,"5' 5""",165,a27274dc-8338-4b08-a394-3586d8b61d70,36.604598,-96.24861
93,male,American,Mr.,Jeffrey,B,Miller,"2422 Jail Drive","Redondo Beach",CA,California,90278,US,"United States",JeffreyBMiller@armyspy.com,Worters,iPhei0th,"Mozilla/5.0 (Windows NT 10.0; WOW64) AppleWebKit/537.36 (KHTML, like Gecko) Chrome/45.0.2454.85 Safari/537.36",310-214-5093,1,Cooper,9/25/1938,Libra,Visa,4916997390749762,083,2/2019,551-46-1478,"1Z 214 1F1 61 1136 713 3",0948551851,43233949,Black,"Postsecondary career-technical teacher","Strength Gurus","2007 Renault Grand Espace",MaternityRetail.com,O+,192.7,87.6,"6' 0""",184,95d1368c-eacc-416b-8c52-9ec3d32cfe96,33.797748,-118.322022
94,female,American,Mrs.,Nicole,C,Chesnut,"2391 Boone Street","Corpus Christi",TX,Texas,78476,US,"United States",NicoleCChesnut@armyspy.com,Trated,Eip0eque3,"Mozilla/5.0 (Windows NT 6.1; WOW64; Trident/7.0; rv:11.0) like Gecko",361-209-7307,1,Lummus,9/19/1970,Virgo,Visa,4485358428463879,491,6/2016,451-97-0439,"1Z 03Y 345 78 8448 639 6",4403422819,00719196,Blue,"Otorhinolaryngology nurse","Netcom Business Services","2015 BMW M5",ExoticFirm.com,AB-,162.1,73.7,"5' 1""",155,e17829cb-cb12-48c4-9d24-8810c32cbd54,27.826866,-97.390816
95,female,American,Dr.,Rosa,J,Triplett,"328 Ray Court",Wilmington,NC,"North Carolina",28403,US,"United States",RosaJTriplett@einrot.com,Sommom1936,Vee1Ichoo,"Mozilla/5.0 (Windows NT 6.1; WOW64) AppleWebKit/537.36 (KHTML, like Gecko) Chrome/45.0.2454.101 Safari/537.36",910-350-6664,1,Frase,11/5/1936,Scorpio,MasterCard,5259679805150412,749,4/2016,690-09-3171,"1Z E72 250 30 7194 503 9",5893068667,78479708,Blue,"Radiologic technician","Morrison's Cafeteria","2010 Mazda CX-7",JudoChat.com,O+,166.1,75.5,"5' 3""",160,a36b77f7-4769-4cfa-becd-34f7b84127fa,34.177139,-77.85818
96,male,American,Mr.,Robert,W,Fisher,"4356 Par Drive",Bakersfield,CA,California,93301,US,"United States",RobertWFisher@rhyta.com,Ente1972,oeD0Daeyukee,"Mozilla/5.0 (Macintosh; Intel Mac OS X 10_10_5) AppleWebKit/600.8.9 (KHTML, like Gecko) Version/8.0.8 Safari/600.8.9",805-840-9009,1,Brown,3/13/1972,Pisces,MasterCard,5264698959783755,708,12/2018,563-06-1090,"1Z 953 860 75 0285 312 0",7994680297,75047018,Blue,"Streetcar operator","Crafts & More","1997 Subaru Justy",CompanyLocks.com,B+,239.8,109.0,"6' 0""",183,06ce0ea7-43dc-4a10-83b2-5481f1bfaf98,35.444918,-119.104304
97,male,American,Mr.,Daniel,P,Woods,"3731 Railroad Street",Marquette,MI,Michigan,49855,US,"United States",DanielPWoods@gustr.com,Mosorchat,phei3Einai,"Mozilla/5.0 (compatible; MSIE 9.0; Windows NT 6.1; Trident/5.0; Trident/5.0)",906-252-4631,1,Fernandez,4/17/1996,Aries,MasterCard,5337199551677092,678,4/2018,367-76-1119,"1Z 024 102 04 8841 113 9",7624277137,30983793,Blue,"Delivery service driver","Enrich Garden Services","1994 Peugeot 806",EpisodeShowcase.com,B+,174.7,79.4,"6' 1""",186,b3978520-41fe-493c-a902-b432d0ce0817,46.637268,-87.533513
98,female,American,Ms.,Linda,N,Bennett,"239 Grant Street","Dry Creek",TX,Texas,75783,US,"United States",LindaNBennett@gustr.com,Johispent77,ieTheefeeS6,"Mozilla/5.0 (Windows NT 10.0; WOW64) AppleWebKit/537.36 (KHTML, like Gecko) Chrome/45.0.2454.93 Safari/537.36",903-878-2366,1,Angel,11/23/1977,Sagittarius,Visa,4556870801863495,959,8/2019,467-42-6133,"1Z 39F W85 78 7539 039 8",0625143479,20255106,Green,"Security and fire alarm systems installer","Desmonds Formal Wear","2005 Volvo C70",FabulousTeacher.com,A+,114.0,51.8,"5' 9""",174,519c1099-de0f-439b-bbcd-751f2ad6c5b6,29.976267,-95.593512
99,male,American,Mr.,Jerry,M,Miller,"1457 Rodney Street",Imperial,MO,Missouri,63052,US,"United States",JerryMMiller@dayrep.com,Scivers,fez0da1aiR,"Mozilla/5.0 (Windows NT 6.1; WOW64; rv:39.0) Gecko/20100101 Firefox/39.0",636-461-0278,1,Garcia,12/17/1948,Sagittarius,Visa,4539413878913216,785,1/2016,498-21-6611,"1Z 527 019 32 6638 665 3",4118081550,07561164,Green,"Certified nurse-midwife",Oshman's,"2000 Panoz Esperante",CommerceShows.com,O+,166.5,75.7,"5' 7""",170,a9bc231e-efde-4059-aecc-4a5aef4cfa2e,38.345055,-90.369533
100,female,American,Mrs.,Mary,M,Baker,"2141 Rogers Street",Cincinnati,OH,Ohio,45217,US,"United States",MaryMBaker@fleckens.hu,Lowl1955,de1Ohceo9doo,"Mozilla/5.0 (Windows NT 6.1; WOW64) AppleWebKit/537.36 (KHTML, like Gecko) Chrome/44.0.2403.155 Safari/537.36",513-482-5528,1,Daugherty,9/20/1955,Virgo,MasterCard,5243717231538427,878,8/2020,293-16-4787,"1Z 201 4W8 98 0047 166 1",0567089398,91436539,Orange,"International economist","Sun Television and Appliances","2002 Jaguar X400",LoveMedics.com,B+,151.1,68.7,"5' 6""",168,79ac7d80-5e70-4f13-8c79-5d75b77065b1,39.126126,-84.433969
101,male,American,Mr.,Jesus,C,Gibson,"401 Hudson Street",Piscataway,NJ,"New Jersey",08854,US,"United States",JesusCGibson@teleworm.us,Noter1954,te1Jahquoo,"Mozilla/5.0 (Windows NT 6.1) AppleWebKit/537.36 (KHTML, like Gecko) Chrome/45.0.2454.85 Safari/537.36",973-957-2714,1,Davis,2/11/1954,Aquarius,MasterCard,5247652218181246,083,10/2019,148-46-7820,"1Z 18E 0V3 21 1270 399 2",4131325124,09144733,Blue,"Human resources supervisor","Boys Markets","2011 Nissan Livina",GunBanking.com,B+,156.2,71.0,"5' 9""",175,5e54d204-f422-4071-9716-5233b5025d80,40.591436,-74.43307
102,female,American,Ms.,Lana,R,Hermosillo,"2311 Twin House Lane",Joplin,MO,Missouri,64801,US,"United States",LanaRHermosillo@gustr.com,Fationeten92,Vooqui5xa,"Mozilla/5.0 (Windows NT 6.1; WOW64; rv:40.0) Gecko/20100101 Firefox/40.0",417-385-6213,1,Dostie,3/2/1992,Pisces,MasterCard,5316659329122643,153,12/2016,489-96-9344,"1Z 972 44F 21 7374 628 1",8921520765,49711187,Purple,"Water treatment plant and system operator","Superior Interactive","2008 Saturn Aura",HDAffair.com,O+,103.0,46.8,"5' 8""",173,62df60c5-0a0a-4d54-bbfd-1541bbb2d91c,37.166834,-94.41644
103,male,American,Mr.,Evan,C,Cooley,"2053 Gnatty Creek Road",Westbury,NY,"New York",11590,US,"United States",EvanCCooley@teleworm.us,Pragnotherse61,gooJeeR8Ah,"Mozilla/5.0 (Windows NT 10.0; Win64; x64) AppleWebKit/537.36 (KHTML, like Gecko) Chrome/42.0.2311.135 Safari/537.36 Edge/12.10240",516-338-8750,1,Weller,9/5/1961,Virgo,Visa,4916527706946933,671,8/2019,052-56-0732,"1Z 80E 862 52 4572 972 9",9104884201,46672056,Green,"Security and fire alarm systems installer","Atlas Architectural Designs","2001 Rover 45",InvestmentBrowse.com,O+,153.3,69.7,"5' 11""",181,38ca55fc-7112-4112-9208-8ce7453a126a,40.777222,-73.642789
104,male,American,Mr.,Matthew,B,Parker,"4462 Wilson Avenue",Lewisville,TX,Texas,75067,US,"United States",MatthewBParker@einrot.com,Thoon1980,quah3Aex,"Mozilla/5.0 (Windows NT 10.0; WOW64) AppleWebKit/537.36 (KHTML, like Gecko) Chrome/45.0.2454.99 Safari/537.36",972-539-5276,1,Jones,5/28/1980,Gemini,Visa,4716048407492020,289,10/2019,642-30-5990,"1Z A06 505 27 3386 803 0",2681589159,66583831,Green,"Gas and water service dispatcher","MacMarr Stores","1997 Seat Arosa",StressBuilder.com,O+,218.5,99.3,"5' 10""",177,05fdc990-3c08-4cf9-a434-46367fedb086,33.003072,-97.030777
105,female,American,Mrs.,Marilyn,T,Witherspoon,"2831 River Road","Colorado Springs",CO,Colorado,80915,US,"United States",MarilynTWitherspoon@superrito.com,Gook1953,gi8kaeSh,"Mozilla/5.0 (Windows NT 10.0; WOW64; rv:41.0) Gecko/20100101 Firefox/41.0",719-556-7651,1,Pollack,5/9/1953,Taurus,Visa,4716372620033001,758,1/2020,524-47-3257,"1Z 126 656 51 4063 854 8",6160430745,22220048,Orange,"Apartment house manager",Wetson's,"1998 Volkswagen Beetle",ProvidenceInsuranceAgents.com,A+,198.0,90.0,"5' 1""",154,54030820-be5e-4dae-bfa5-9f4e5e8f7b4d,38.889346,-104.750941
107,female,American,Mrs.,Sara,J,Willis,"217 Wilkinson Street",Nashville,TN,Tennessee,37211,US,"United States",SaraJWillis@cuvox.de,Taide1995,Aeghahph4h,"Mozilla/5.0 (Windows NT 10.0; WOW64) AppleWebKit/537.36 (KHTML, like Gecko) Chrome/45.0.2454.85 Safari/537.36",615-485-4010,1,Smith,8/21/1995,Leo,Visa,4916081669938651,959,11/2016,411-09-9765,"1Z E70 885 51 8669 670 2",2685558823,05652139,Blue,"Radar controller",Sherman's,"1997 Rolls-Royce Silver Spur",UKBash.com,A+,119.0,54.1,"5' 7""",171,b9a4a109-8d04-45fb-968b-a1becb1c5cab,36.023942,-86.66241
108,female,American,Mrs.,Mildred,R,Flynn,"2707 Benson Street","Stevens Point",WI,Wisconsin,54481,US,"United States",MildredRFlynn@rhyta.com,Deatifight,omieloo7Xoo,"Mozilla/5.0 (Windows NT 6.1) AppleWebKit/537.36 (KHTML, like Gecko) Chrome/45.0.2454.85 Safari/537.36",715-341-4917,1,Cathey,2/8/1946,Aquarius,MasterCard,5472617511009713,345,11/2017,391-42-5090,"1Z W03 657 50 1266 446 7",3790254541,27671198,Blue,Manufacturers,"J. K. Gill Company","2005 Toyota Prius",ProfessionalChannels.com,O+,204.4,92.9,"5' 7""",169,c81deddc-71c9-446d-85e2-95979ec85f01,44.52851,-89.581586
109,female,American,Mrs.,Dorothy,H,Bell,"2834 Victoria Street","Baton Rouge",LA,Louisiana,70814,US,"United States",DorothyHBell@jourrapide.com,Thertions,tuonaiL9Lah,"Mozilla/5.0 (Windows NT 10.0; WOW64; rv:40.0) Gecko/20100101 Firefox/40.0",225-247-5261,1,Ross,8/24/1992,Virgo,MasterCard,5199776801126959,357,3/2019,664-01-6807,"1Z 339 754 86 8272 340 1",0309848226,36212098,Green,"Corporate administrative assistant","Record & Tape Outlet","2005 Toyota Avalon",MaleWeight.com,O+,193.6,88.0,"5' 9""",175,50f8fad3-4925-461d-91a2-19dc070463a4,30.417883,-90.990737
111,male,American,Mr.,James,M,Bogar,"810 Angie Drive",Westminster,CA,California,92683,US,"United States",JamesMBogar@cuvox.de,Shewit,hai3kieWoo,"Mozilla/5.0 (Windows NT 6.1; WOW64) AppleWebKit/537.36 (KHTML, like Gecko) Chrome/45.0.2454.93 Safari/537.36",714-893-1462,1,Burton,7/31/1939,Leo,MasterCard,5499340881050923,767,1/2020,623-42-0040,"1Z 91A 309 65 0115 433 9",8483729101,11167220,Red,"Personnel coordinator","Bumper to Bumper Auto Parts","2004 Daewoo Nubira",DNCommissioner.com,A+,194.5,88.4,"5' 9""",174,c9e11e98-4a62-4d7f-a10c-956285093f26,33.701352,-117.924431
112,male,American,Mr.,Sean,L,Fletcher,"2507 Smith Street",Holden,MA,Massachusetts,01520,US,"United States",SeanLFletcher@fleckens.hu,Coused,tooz6nieQu6,"Mozilla/5.0 (Windows NT 6.3; WOW64) AppleWebKit/537.36 (KHTML, like Gecko) Chrome/45.0.2454.85 Safari/537.36",508-829-0853,1,Garner,12/4/1935,Sagittarius,Visa,4539047939063601,735,7/2020,028-72-2336,"1Z V42 007 33 2450 387 0",3969182446,12433976,White,"Medical equipment repairer","Quest Technology Service","2003 Chevrolet Suburban",ChildLounge.com,O+,207.7,94.4,"5' 8""",173,7ed0b7bf-35c3-40cd-a152-d16a7e342612,42.380548,-71.879334
113,male,American,Mr.,Antonio,R,Hernandez,"641 Saints Alley","Plant City",FL,Florida,33566,US,"United States",AntonioRHernandez@cuvox.de,Youldon,omeebail4E,"Mozilla/5.0 (Macintosh; Intel Mac OS X 10_10_5) AppleWebKit/537.36 (KHTML, like Gecko) Chrome/45.0.2454.101 Safari/537.36",813-545-3920,1,Norman,5/23/1985,Gemini,MasterCard,5467505428229697,126,11/2020,262-06-9082,"1Z 372 26F 25 8661 708 1",8135365024,95937088,Brown,Phlebotomist,Jacobs,"1997 Proton Saloon",AnonymousLoan.com,A+,163.0,74.1,"5' 7""",170,569bb1f8-6254-4b5b-8bf6-6d37cda9a1ca,28.069487,-82.098237
114,male,American,Mr.,John,R,Warren,"4397 Ben Street",Lansing,MI,Michigan,48933,US,"United States",JohnRWarren@einrot.com,Brinings,ietee0Ohboh,"Mozilla/5.0 (Windows NT 6.3; WOW64) AppleWebKit/537.36 (KHTML, like Gecko) Chrome/45.0.2454.99 Safari/537.36",517-988-9967,1,Lee,6/23/1955,Cancer,Visa,4539393754398387,940,4/2016,386-66-2188,"1Z 848 6F0 88 9125 011 2",5875754803,87930833,Blue,"Computer forensic investigator",Beatties,"2004 Suzuki Baleno",WirelessPhoneManufacturing.com,B+,203.1,92.3,"5' 10""",178,b0a78535-6330-4361-91d7-76fa2dff6897,42.808853,-84.534683
115,male,American,Mr.,Gerald,R,Moore,"2249 Davis Street",Atlanta,GA,Georgia,30308,US,"United States",GeraldRMoore@rhyta.com,Miltarthe,Aiy9thiefee,"Mozilla/5.0 (X11; Linux x86_64; rv:38.0) Gecko/20100101 Firefox/38.0 Iceweasel/38.2.1",706-403-4026,1,Rankin,3/4/1980,Pisces,MasterCard,5117144649547622,840,8/2017,667-22-2638,"1Z 4W8 A57 24 3172 753 2",0408784397,39189487,Blue,"Greenhouse manager","Infinite Wealth","2006 Audi S6",DiscoSites.com,O+,250.8,114.0,"5' 8""",173,3fff3f8e-d8c6-448d-8047-29f9a2845d3d,33.754877,-84.43819
116,male,American,Mr.,Robert,T,Medlin,"893 Khale Street","North Charleston",SC,"South Carolina",29420,US,"United States",RobertTMedlin@armyspy.com,Peare1935,Cahsa9aeng,"Mozilla/5.0 (Macintosh; Intel Mac OS X 10_10_5) AppleWebKit/537.36 (KHTML, like Gecko) Chrome/45.0.2454.85 Safari/537.36",843-603-2752,1,Odell,1/27/1935,Aquarius,Visa,4716457190350248,493,11/2019,250-63-1934,"1Z 402 999 86 1160 976 8",1221336405,17072683,Blue,"Farm product inspector","Monk Home Improvements","2000 Fiat Scudo",StrawberryBar.com,O+,140.4,63.8,"6' 0""",184,d0ec5c04-8999-4186-b02b-dab7a9284ba7,33.013603,-80.088267
117,female,American,Mrs.,Ann,M,Corbett,"1744 Ryder Avenue",Renton,WA,Washington,98055,US,"United States",AnnMCorbett@gustr.com,Thestoat1987,aodooW5ta,"Mozilla/5.0 (Windows NT 6.3; WOW64; rv:41.0) Gecko/20100101 Firefox/41.0",425-314-3687,1,Flores,6/19/1987,Gemini,MasterCard,5197311715871029,859,3/2017,532-45-9072,"1Z W40 783 30 3249 765 3",1763949571,57797887,Black,"Chief operating officer","Plunkett Home Furnishings","1995 Mercedes-Benz SLK",FabulousTeacher.com,A+,179.5,81.6,"5' 6""",168,c63d618e-914a-45fc-9516-2213a08f825f,47.402928,-122.178671
118,male,American,Mr.,Robert,N,Joslin,"697 Blair Court","Kansas City",MO,Missouri,64106,US,"United States",RobertNJoslin@armyspy.com,Makeetelich1985,ier5Tooqua,"Mozilla/5.0 (Macintosh; Intel Mac OS X 10_10_5) AppleWebKit/537.36 (KHTML, like Gecko) Chrome/45.0.2454.85 Safari/537.36",660-474-1974,1,Zimmerman,7/13/1985,Cancer,Visa,4532148787682422,185,11/2020,486-17-1741,"1Z 580 062 35 2684 985 3",6616392717,94948470,Blue,"School bus driver","Mikro Designs","2009 Mercedes-Benz Viano",CurtainSheets.com,O+,177.3,80.6,"5' 9""",175,5d9be65f-66f2-4797-95d8-9fda0c629e93,39.037018,-94.629061
119,male,American,Mr.,Tony,D,Bruno,"3081 Simpson Avenue",Harrisburg,PA,Pennsylvania,17111,US,"United States",TonyDBruno@cuvox.de,Trows1952,Mooth5sae,"Mozilla/5.0 (Windows NT 6.1; WOW64; rv:40.0) Gecko/20100101 Firefox/40.0",717-877-2452,1,Roseberry,5/15/1952,Taurus,Visa,4485735777419000,059,5/2018,179-28-5911,"1Z 989 026 85 2628 976 1",3950622156,66161131,Green,"Cruise ship worker","Omni Source","1993 Subaru Legacy",MaternityRetail.com,O+,194.3,88.3,"5' 10""",178,ee14a1b1-7900-4da5-abc6-465221810ad1,40.26107,-76.702685
120,female,American,Ms.,Jennifer,J,Hiett,"3719 Stadium Drive",Boston,MA,Massachusetts,02110,US,"United States",JenniferJHiett@gustr.com,Ushe1992,vohfahW8uo8j,"Mozilla/5.0 (Windows NT 6.1) AppleWebKit/537.36 (KHTML, like Gecko) Chrome/45.0.2454.93 Safari/537.36",508-215-1026,1,Anderson,2/10/1992,Aquarius,MasterCard,5244770813937805,522,8/2018,028-64-5037,"1Z 416 8A3 47 0540 969 7",8397348276,94040656,Black,"Bridge and lock tender","Holly Tree Inn","1994 Chrysler Concorde",PayConversion.com,O+,213.4,97.0,"5' 3""",160,ea3d0ffa-3148-41c4-b414-5bf5e242bafd,42.283872,-71.017327
121,male,American,Mr.,Harold,J,Menges,"3097 Stark Hollow Road",Bayfield,CO,Colorado,81122,US,"United States",HaroldJMenges@cuvox.de,Surempe,eiShoongoo6,"Mozilla/5.0 (Windows NT 6.1) AppleWebKit/537.36 (KHTML, like Gecko) Chrome/45.0.2454.85 Safari/537.36",970-884-9384,1,Heath,12/4/1934,Sagittarius,Visa,4485861597260562,447,3/2020,653-22-7757,"1Z 385 619 40 5824 526 1",4168583387,74592569,Blue,"Electronic masking system operator","Maloley's Finer Foods","2004 Riley MR II",CollegeCustoms.com,O-,217.8,99.0,"5' 7""",170,ff1da29f-52ad-4b4f-9676-5f308f66ed92,37.277895,-107.603761
122,female,American,Mrs.,Teresa,A,Hong,"3496 Harron Drive","North East",MD,Maryland,21901,US,"United States",TeresaAHong@teleworm.us,Answerpose,ou2Iekeiquie,"Mozilla/5.0 (compatible; MSIE 10.0; Windows NT 6.1; WOW64; Trident/6.0)",443-553-5333,1,Baltzell,8/28/1978,Virgo,MasterCard,5410539147108146,835,9/2017,215-60-5404,"1Z 737 624 67 7770 965 6",2857614015,59502974,Purple,"Long haul truck driver","Flagg Bros. Shoes","1997 Chevrolet Tracker",ExclusiveNeighborhood.com,O-,224.6,102.1,"5' 1""",156,f36e4e42-4ef8-418e-a725-2831db9e2202,39.539917,-75.975079
123,male,American,Mr.,Christopher,H,Sink,"4347 Timber Oak Drive",Lubbock,TX,Texas,79401,US,"United States",ChristopherHSink@cuvox.de,Pureet57,ruch0Haik3S,"Mozilla/5.0 (Windows NT 6.1; WOW64) AppleWebKit/537.36 (KHTML, like Gecko) Chrome/45.0.2454.93 Safari/537.36",806-215-8634,1,Iniguez,6/8/1957,Gemini,Visa,4916360090797831,350,11/2017,629-74-3173,"1Z 667 778 28 8893 153 2",7901084697,25368020,Orange,"Employment manager",Mages,"2012 Peugeot 3008",DiscFrames.com,O+,157.3,71.5,"5' 8""",172,fe0924e0-1d38-4a95-923d-c7d97d50843c,33.615529,-101.932421
124,female,American,Mrs.,Darlene,J,Decker,"3971 Stratford Park",Austin,IN,Indiana,47102,US,"United States",DarleneJDecker@cuvox.de,Akes1937,ohCh8aigheol0,"Mozilla/5.0 (Macintosh; Intel Mac OS X 10_10_5) AppleWebKit/537.36 (KHTML, like Gecko) Chrome/45.0.2454.99 Safari/537.36",812-794-7119,1,Baker,10/16/1937,Libra,Visa,4916500478139268,040,4/2017,317-14-1429,"1Z Y35 557 60 1977 331 4",9294752040,95189394,Blue,"Maxillofacial radiologist",Gallenkamp,"2008 Renault Koleos",MaternityRetail.com,B+,224.0,101.8,"5' 3""",161,5fe69675-23fa-4793-b8ac-ccc2d9900dd4,38.680731,-85.873559
125,male,American,Mr.,William,B,Farmer,"1561 Carriage Lane",Scranton,PA,Pennsylvania,18503,US,"United States",WilliamBFarmer@teleworm.us,Saidom,aeSaj2voh3,"Mozilla/5.0 (Windows NT 6.3; WOW64; rv:40.0) Gecko/20100101 Firefox/40.0",570-257-4133,1,Otten,8/2/1952,Leo,Visa,4556131445348025,363,1/2020,211-05-8116,"1Z 396 721 32 9255 582 0",6769492886,31558304,Blue,"Clinical laboratory technician","Total Serve","2015 Nissan 370Z",CrimePath.com,A+,182.4,82.9,"6' 0""",183,6c672fcc-19bb-49d2-943a-4510965f5a2e,41.376735,-75.572011
126,male,American,Mr.,Donald,D,Cole,"4412 Center Avenue",Fresno,CA,California,93721,US,"United States",DonaldDCole@armyspy.com,Frithat,Ile1eifeef,"Mozilla/5.0 (Windows NT 6.1; WOW64; rv:41.0) Gecko/20100101 Firefox/41.0",559-488-6760,1,Conway,2/15/1953,Aquarius,Visa,4929383059411611,799,9/2018,552-16-9612,"1Z 1F3 961 32 5145 594 8",9852370093,70989003,Blue,"Hand packager","Skaggs-Alpha Beta","1998 Nissan Rasheen",FridgeSearch.com,B+,197.6,89.8,"5' 10""",178,c84aaa4e-6d74-4ba5-beab-cc6a52e74dec,36.774694,-119.85195
127,female,American,Ms.,Opal,P,Thomas,"2417 Davis Place",Edon,OH,Ohio,43518,US,"United States",OpalPThomas@fleckens.hu,Fairld,XahZaer5aev,"Mozilla/5.0 (Windows NT 6.1) AppleWebKit/537.36 (KHTML, like Gecko) Chrome/45.0.2454.101 Safari/537.36",419-272-0966,1,Brower,4/15/1962,Aries,MasterCard,5126810107325029,686,2/2019,286-06-0695,"1Z 84A 855 10 0377 009 2",9326049396,79282408,Green,"Certified public accountant","The Sample","2008 Daewoo Evanda",StressBuilder.com,A-,137.3,62.4,"5' 5""",166,52f644fb-06c2-4bcc-9bea-b2bb28d5a895,41.63206,-84.730324
128,male,American,Mr.,Charles,C,Boyd,"1243 Stadium Drive",Dedham,MA,Massachusetts,02026,US,"United States",CharlesCBoyd@gustr.com,Thereed,zoh3iedaZ,"Mozilla/5.0 (Macintosh; Intel Mac OS X 10_10_5) AppleWebKit/537.36 (KHTML, like Gecko) Chrome/45.0.2454.99 Safari/537.36",508-246-5109,1,Glines,6/17/1956,Gemini,MasterCard,5307308070652611,589,6/2020,010-68-3023,"1Z 1F5 605 20 3815 241 5",9265667712,65405267,Brown,"Composing machine operator",Sampson's,"1995 Mazda Sentia",EthanolSupply.com,A+,151.1,68.7,"6' 0""",182,e6473b0c-e1cf-436f-8831-8ae1482a286d,42.196623,-71.19205
129,male,American,Mr.,Michael,J,Ortiz,"1098 Daylene Drive",Westland,MI,Michigan,48185,US,"United States",MichaelJOrtiz@jourrapide.com,Pands1972,Un7hoocheip,"Mozilla/5.0 (Macintosh; Intel Mac OS X 10_10_3) AppleWebKit/537.36 (KHTML, like Gecko) Chrome/45.0.2454.101 Safari/537.36",734-667-1139,1,Stephens,10/3/1972,Libra,Visa,4916704593419791,849,1/2018,371-19-3505,"1Z 268 04A 71 1076 561 7",2289397264,72515375,Green,"Specification inspector","Enrich Garden Services","2007 Nissan Altima",DubaiSkin.com,O+,157.1,71.4,"5' 6""",167,d04fe18a-72c6-48e7-9b20-b775f11335fb,42.366864,-83.447009
130,male,American,Dr.,Werner,A,Diggs,"2920 Cecil Street",Bensenville,IL,Illinois,60106,US,"United States",WernerADiggs@superrito.com,Lece1972,iev0EewooGh,"Mozilla/5.0 (X11; Linux x86_64; rv:38.0) Gecko/20100101 Firefox/38.0 Iceweasel/38.2.1",312-260-4264,1,Anderson,11/10/1972,Scorpio,Visa,4539532845339880,271,6/2017,327-05-6993,"1Z 872 F91 92 6189 685 6",9208087082,93962985,Black,"Technical sales support worker","Cut Rite","1998 Volkswagen Parati",FirmAgreements.com,A+,187.9,85.4,"5' 11""",180,85f4b5bd-b771-469d-8223-ad488f41157a,41.868028,-87.987015
131,male,American,Mr.,Roger,R,Platt,"2380 Sundown Lane",Austin,TX,Texas,78753,US,"United States",RogerRPlatt@cuvox.de,Hugge1949,jabai3Ee,"Mozilla/5.0 (Windows NT 6.3; WOW64) AppleWebKit/537.36 (KHTML, like Gecko) Chrome/45.0.2454.85 Safari/537.36",512-339-0485,1,North,2/17/1949,Aquarius,Visa,4556781218478415,001,8/2018,465-32-4713,"1Z 988 665 89 5834 078 1",2349905879,58095567,Green,"Medical scientist","Odyssey Records & Tapes","2005 Mitsubishi Lancer",TVStereos.com,A+,221.8,100.8,"5' 10""",179,7aae6c82-32ef-481b-ac98-af2d026ebd5e,30.438694,-97.663107
132,female,American,Ms.,Naomi,M,Orsini,"2986 Maxwell Farm Road","Mount Shasta",CA,California,96067,US,"United States",NaomiMOrsini@einrot.com,Bley1995,iGh0ie0ua,"Mozilla/5.0 (Windows NT 6.3; WOW64) AppleWebKit/537.36 (KHTML, like Gecko) Chrome/45.0.2454.93 Safari/537.36",530-926-6408,1,Vasquez,8/14/1995,Leo,MasterCard,5485118195940237,655,6/2016,610-40-7721,"1Z 208 201 02 9647 154 8",4848788217,93629214,Red,Zookeeper,"Desert Garden Help","1992 Infiniti G20",CollegeCustoms.com,B+,148.3,67.4,"5' 4""",163,87295a2b-f914-4bf0-83d5-f5f6f9a77415,41.356844,-122.404631
133,male,American,Mr.,Joseph,P,Gilbert,"3953 Euclid Avenue","San Luis Obispo",CA,California,93401,US,"United States",JosephPGilbert@jourrapide.com,Timperall,shai7OhCae,"Mozilla/5.0 (Windows NT 6.3; WOW64) AppleWebKit/537.36 (KHTML, like Gecko) Chrome/45.0.2454.99 Safari/537.36",805-255-8015,1,Maki,4/11/1947,Aries,MasterCard,5290085353284358,115,2/2017,568-41-6985,"1Z 925 Y83 23 9118 340 0",3751409584,04701356,Blue,"Employment coordinator",Almacs,"1992 Renault Clio",SetBust.com,A+,207.2,94.2,"5' 11""",181,ed0bcc12-aed6-4a19-9ada-50af27f3bb06,35.339086,-120.537258
134,female,American,Ms.,Heather,J,Bateman,"87 Asylum Avenue",Derby,CT,Connecticut,06418,US,"United States",HeatherJBateman@rhyta.com,Woreas,Eijae7Cai,"Mozilla/5.0 (Windows NT 6.1; WOW64) AppleWebKit/537.36 (KHTML, like Gecko) Chrome/45.0.2454.85 Safari/537.36",203-736-8843,1,Cooke,5/21/1950,Gemini,Visa,4532276424855349,065,7/2018,042-38-2114,"1Z 2W1 W97 30 2924 788 6",6474383585,02471051,Green,Stevedore,"Stop and Shop","2008 Volkswagen Passat",FundraisingTactics.com,A+,124.3,56.5,"5' 7""",171,630de495-936e-4a0c-85e0-0f3a85dbc238,41.281832,-73.030744
135,female,American,Dr.,Denise,C,Morse,"3672 Ashwood Drive",Spencer,IA,Iowa,51301,US,"United States",DeniseCMorse@jourrapide.com,Contold,Nohshaen2zie,"Mozilla/5.0 (Macintosh; Intel Mac OS X 10_10_3) AppleWebKit/537.36 (KHTML, like Gecko) Chrome/45.0.2454.93 Safari/537.36",712-380-2171,1,Cary,4/12/1965,Aries,Visa,4716059696666638,455,8/2016,485-04-0489,"1Z 709 3V9 74 6347 111 8",7130097504,33800770,Green,Neurosonographer,"Happy Family","2009 Scion tC",MessageUpdates.com,A+,183.9,83.6,"5' 8""",172,e671d896-71cd-4640-a001-e1ff5bbae19f,43.112686,-95.127402
136,female,American,Ms.,Jennifer,K,Duhon,"3047 Bagwell Avenue","Weekiwachee Spgs",FL,Florida,33512,US,"United States",JenniferKDuhon@gustr.com,Stely1969,piecai7Ae,"Mozilla/5.0 (Windows NT 6.1; WOW64) AppleWebKit/537.36 (KHTML, like Gecko) Chrome/45.0.2454.85 Safari/537.36",352-596-5582,1,Larson,9/17/1969,Virgo,MasterCard,5535965917917442,529,11/2018,263-61-5942,"1Z 815 0V0 22 0872 792 1",4637798615,45403841,Blue,"Psychiatric aide","Golden's Distributors","2004 Citroen C2",DangJokes.com,O+,184.4,83.8,"5' 3""",160,dbe434f5-35d5-4d0f-87df-b9cc8e9dd1a4,28.59116,-82.604737
137,male,American,Mr.,Brady,M,Rother,"3698 Moore Avenue","Fort Worth",TX,Texas,76111,US,"United States",BradyMRother@dayrep.com,Grood1956,eu6aiJ7qu,"Mozilla/5.0 (Windows NT 6.1; WOW64) AppleWebKit/537.36 (KHTML, like Gecko) Chrome/45.0.2454.93 Safari/537.36",817-759-0243,1,Mack,12/14/1956,Sagittarius,Visa,4539228928366243,208,8/2020,461-92-7853,"1Z F87 680 80 8364 645 1",1090425155,07423988,Orange,Legislator,Cavages,"1995 Ford Probe",TempFirms.com,O+,208.8,94.9,"5' 7""",171,4993483e-3e74-46ce-bce4-2649b5712dcc,32.873605,-97.25999
138,male,American,Mr.,Mickey,G,Cupples,"4542 Emma Street",Dumas,TX,Texas,79029,US,"United States",MickeyGCupples@gustr.com,Pronow1948,Ehee2ginie0e,"Mozilla/5.0 (Windows NT 6.1; WOW64; rv:40.0) Gecko/20100101 Firefox/40.0",806-935-1085,1,McFadden,9/6/1948,Virgo,Visa,4485041426954624,237,5/2019,456-12-0951,"1Z 227 8E5 48 7366 305 6",8441423671,17835430,Blue,"Aircraft rigging assembler",Flexus,"1994 Volvo 460",MaternityRetail.com,A+,203.9,92.7,"5' 7""",170,9937543c-ee19-443a-839f-6fc1f727459f,35.96656,-101.925232
139,female,American,Ms.,Dolores,A,Torres,"1224 Kimberly Way","Grand Rapids",MI,Michigan,49503,US,"United States",DoloresATorres@einrot.com,Inden1974,ahgeeV7Wil,"Mozilla/5.0 (Macintosh; Intel Mac OS X 10_10_5) AppleWebKit/600.8.9 (KHTML, like Gecko) Version/8.0.8 Safari/600.8.9",616-990-8011,1,Cooper,9/4/1974,Virgo,Visa,4539032079571217,786,5/2017,381-56-8447,"1Z 080 463 46 6613 430 5",3892930303,42407777,Blue,"Molding, coremaking, and casting machine setter",Powerbod,"2011 Honda Legend",HeatCleaner.com,O+,170.1,77.3,"5' 6""",168,467fe9d0-9e86-4dc2-8395-44891ffc6e46,42.959888,-85.722979
140,male,American,Mr.,Dean,J,Harvey,"2728 Perry Street",Flint,MI,Michigan,48532,US,"United States",DeanJHarvey@teleworm.us,Berfan,oicooMah7m,"Mozilla/5.0 (Windows NT 6.3; WOW64; Trident/7.0; rv:11.0) like Gecko",810-720-5423,1,Smith,8/24/1957,Virgo,Visa,4929859887479946,142,6/2018,382-18-3042,"1Z 677 16W 44 6150 052 4",9156413148,87237466,Blue,"Loan underwriter","Auto Works","1992 Ford Ranger",ProfessionalChannels.com,O+,148.7,67.6,"5' 11""",181,cea284ad-d296-4f45-81ef-ef06962c7530,43.060187,-83.741617
141,male,American,Mr.,David,S,Potter,"1086 Simons Hollow Road",Scranton,PA,Pennsylvania,18503,US,"United States",DavidSPotter@rhyta.com,Notiontery,yie7Ahxuu,"Mozilla/5.0 (Windows NT 6.1; WOW64) AppleWebKit/537.36 (KHTML, like Gecko) Chrome/45.0.2454.99 Safari/537.36",570-737-7192,1,Huang,8/29/1986,Virgo,Visa,4532807979756738,804,4/2020,205-64-9315,"1Z Y93 4W1 78 8816 701 0",9745566588,54368982,Silver,"Excavating operator","Sun Television and Appliances","1993 Subaru Leone",HDLookup.com,B+,184.4,83.8,"5' 9""",174,aa51e8d4-8450-4f23-ad62-accb8ea88012,41.316796,-75.667188
142,female,American,Mrs.,Katherine,B,Frank,"1445 Nancy Street",Raleigh,NC,"North Carolina",27601,US,"United States",KatherineBFrank@jourrapide.com,Entand56,Waelee6eeZe,"Mozilla/5.0 (Macintosh; Intel Mac OS X 10_10_5) AppleWebKit/537.36 (KHTML, like Gecko) Chrome/45.0.2454.101 Safari/537.36",919-651-3317,1,Yager,2/7/1956,Aquarius,Visa,4929603059010091,308,4/2018,686-01-9588,"1Z 568 509 69 2973 583 0",8357269410,40773453,Purple,"Academic dean",Klopfenstein's,"2001 Chevrolet Tahoe",TelevisionBroker.com,O+,163.0,74.1,"5' 2""",157,aa687677-5927-4928-b1f2-46c470d65542,35.791415,-78.587079
143,female,American,Ms.,Cathey,T,Hamel,"2628 Philli Lane",Tulsa,OK,Oklahoma,74136,US,"United States",CatheyTHamel@dayrep.com,Allasted,ieW2ij4noo,"Mozilla/5.0 (Windows NT 6.1; WOW64) AppleWebKit/537.36 (KHTML, like Gecko) Chrome/45.0.2454.99 Safari/537.36",918-491-2024,1,Hughes,9/25/1955,Libra,Visa,4716913507229277,464,8/2018,448-92-1083,"1Z 726 V42 75 9197 483 2",3876665625,63951077,Purple,"Park naturalist","Allied Radio","1999 Ford Fiesta",PayConversion.com,A+,165.4,75.2,"5' 3""",161,d2cd4a10-d448-4bc3-923e-670453c80cc1,36.159038,-95.954035
144,male,American,Mr.,Jerry,M,Simmons,"1200 Timber Ridge Road",Roseville,CA,California,95678,US,"United States",JerryMSimmons@superrito.com,Apatons,eiTe0ve9Exi,"Mozilla/5.0 (X11; Ubuntu; Linux x86_64; rv:40.0) Gecko/20100101 Firefox/40.0",916-771-2999,1,Heilman,5/21/1973,Gemini,MasterCard,5129389088391539,335,9/2018,554-81-6413,"1Z 88V 07V 39 0095 644 8",1708280970,73332792,Red,"Data processor","Crown Books","2009 Daewoo Evanda",EyeTick.com,A+,216.0,98.2,"6' 1""",185,9e027c28-241c-4dc3-8d4d-141d32faf8ab,38.67897,-121.374763
145,female,American,Ms.,Ethel,T,Sonnier,"3087 Shingleton Road",Watervliet,MI,Michigan,49098,US,"United States",EthelTSonnier@rhyta.com,Sentais1981,Goo5daeLai,"Mozilla/5.0 (Windows NT 6.3; WOW64; Trident/7.0; Touch; rv:11.0) like Gecko",269-463-5977,1,Cole,3/30/1981,Aries,Visa,4716522980085708,883,11/2018,370-19-4268,"1Z 994 197 01 9574 188 3",9210862661,86689496,Brown,"Enrollment specialist","Exact Solutions","2006 Mercedes-Benz Viano",DiscountExpense.com,O+,176.0,80.0,"5' 3""",161,a2d50f4e-b9f9-41b2-ad17-f12000d49da1,42.201732,-86.279696
146,male,American,Mr.,Jerry,T,Thompson,"3631 Locust Street",Morven,GA,Georgia,31638,US,"United States",JerryTThompson@rhyta.com,Bregivers,Ie6buphee,"Mozilla/5.0 (Windows NT 6.1; WOW64) AppleWebKit/537.36 (KHTML, like Gecko) Chrome/45.0.2454.93 Safari/537.36",229-775-7358,1,Dunlap,3/2/1994,Pisces,MasterCard,5298824059652290,683,11/2017,667-09-0878,"1Z 9Y6 951 24 8955 005 4",9527152446,40351942,Blue,"Process pipeline drafter","Carrols Restaurant Group","2012 Chevrolet Colorado",GlobalHomicide.com,A+,163.9,74.5,"5' 7""",170,fdcbfda6-91dc-467c-b0c6-f4bdd030fdf5,30.817986,-83.575992
147,female,American,Mrs.,Loretta,P,Perry,"1534 Oakdale Avenue",Tampa,FL,Florida,33602,US,"United States",LorettaPPerry@rhyta.com,Foolity,aiC2Uxujai,"Mozilla/5.0 (Macintosh; Intel Mac OS X 10_9_5) AppleWebKit/600.8.9 (KHTML, like Gecko) Version/7.1.8 Safari/537.85.17",863-508-5397,1,Hager,1/22/1947,Aquarius,MasterCard,5172586739999513,752,2/2017,590-69-4300,"1Z W38 Y66 63 7821 648 3",0600098199,60137577,Green,"Desk clerk","Muscle Factory","2006 Nissan Lafesta",MessageUpdates.com,A-,167.9,76.3,"5' 5""",165,164d8462-e888-4aec-ba3f-7d79be060d6a,28.009994,-82.467174
148,male,American,Mr.,Justin,M,Menke,"1939 Pin Oak Drive",Walcott,IA,Iowa,52773,US,"United States",JustinMMenke@rhyta.com,Buthend,mai1Aixo,"Mozilla/5.0 (Windows NT 6.1; WOW64) AppleWebKit/537.36 (KHTML, like Gecko) Chrome/45.0.2454.101 Safari/537.36",563-284-5803,1,Bauman,2/15/1943,Aquarius,Visa,4556345023747248,605,11/2020,479-18-2503,"1Z 185 814 76 1624 510 4",9431321229,30188008,Blue,"Electrocardiograph (EKG) technician","Gamma Gas","2005 Vauxhall Signum",LatinCafes.com,A+,222.0,100.9,"5' 11""",181,4664ce7e-078d-4e32-acc1-deb95e49a139,41.698024,-90.800738
149,male,American,Mr.,Billy,P,Grabill,"3753 Public Works Drive",Cleveland,TN,Tennessee,37311,US,"United States",BillyPGrabill@einrot.com,Lonaddery,Oeth8po9aefie,"Mozilla/5.0 (Macintosh; Intel Mac OS X 10_9_5) AppleWebKit/537.36 (KHTML, like Gecko) Chrome/45.0.2454.101 Safari/537.36",423-339-3833,1,Green,2/7/1977,Aquarius,Visa,4916535231042086,987,3/2019,415-83-0867,"1Z 8A7 145 18 0041 663 6",5350848180,62017622,Blue,"Multiple machine tool operator","Superior Interior Design","1992 Ford Ranger",JudoChat.com,O+,228.4,103.8,"5' 6""",167,520d4e86-228f-44e0-a991-84791a6e4f95,35.104253,-84.898705
150,male,American,Mr.,Steven,D,True,"3430 Bel Meadow Drive",Claremont,CA,California,91711,US,"United States",StevenDTrue@rhyta.com,Valln1971,ohc2phi0Nu,"Mozilla/5.0 (Macintosh; Intel Mac OS X 10_10_4) AppleWebKit/537.36 (KHTML, like Gecko) Chrome/45.0.2454.93 Safari/537.36",909-399-4962,1,Beal,10/12/1971,Libra,MasterCard,5592830384024967,454,7/2019,556-55-9830,"1Z 2A4 0V5 87 9158 626 0",0728993313,23887922,Orange,"Industrial accountant",Weathervane,"1992 Honda Civic",CompactDiscBlog.com,A+,245.1,111.4,"5' 6""",167,75c63151-92f0-42b0-b8fb-42dbeb698216,34.184025,-117.717381
151,male,American,Mr.,Dale,P,Reynolds,"281 Hog Camp Road","Palos Park",IL,Illinois,60464,US,"United States",DalePReynolds@rhyta.com,Inglan,re5ieK1ee,"Mozilla/5.0 (Macintosh; Intel Mac OS X 10_10_4) AppleWebKit/600.7.12 (KHTML, like Gecko) Version/8.0.7 Safari/600.7.12",708-448-5650,1,Smtih,3/26/1939,Aries,Visa,4916903253452288,193,9/2019,342-92-7535,"1Z V33 202 09 3841 250 9",2340707425,00296777,Blue,"Aerospace engineer","Olympic Sports","2003 Toyota Will",ProfessionalChannels.com,O+,189.6,86.2,"5' 9""",176,0c09afe1-b540-4e58-89c9-8b1e33019e6a,41.610841,-87.79449
152,female,American,Mrs.,Jo,G,Stembridge,"1533 Allison Avenue",Norfolk,VA,Virginia,23503,US,"United States",JoGStembridge@rhyta.com,Diden1930,ooyai7Ic,"Mozilla/5.0 (Windows NT 6.1; WOW64) AppleWebKit/537.36 (KHTML, like Gecko) Chrome/45.0.2454.93 Safari/537.36",757-531-8306,1,Deleon,12/13/1930,Sagittarius,MasterCard,5194370276837624,816,5/2016,225-83-4038,"1Z 153 194 85 9437 972 2",2790514463,92740355,Blue,"Garbage collector",Dahlkemper's,"2004 Audi A2",KeyPreview.com,O+,141.0,64.1,"5' 4""",162,70dc5489-bdf0-4a11-854a-35b3d90c134d,37.035175,-76.238663
